time,count,sucessRatio,avgIncrease1,minIncrease1,maxIncrease1,avgIncrease2,minIncrease2,maxIncrease2,avgIncrease3,minIncrease3,maxIncrease3
2015-07-24 00:00:00,0,0,0,0,0,0,0,0,0,0,0
2015-07-27 00:00:00,0,0,0,0,0,0,0,0,0,0,0
2015-07-28 00:00:00,0,0,0,0,0,0,0,0,0,0,0
2015-07-29 00:00:00,1,0.0,-0.02,-0.02,0,-0.11,-0.11,0,-0.08,-0.08,0
2015-07-30 00:00:00,0,0,0,0,0,0,0,0,0,0,0
2015-07-31 00:00:00,0,0,0,0,0,0,0,0,0,0,0
2015-08-03 00:00:00,0,0,0,0,0,0,0,0,0,0,0
2015-08-04 00:00:00,0,0,0,0,0,0,0,0,0,0,0
2015-08-05 00:00:00,0,0,0,0,0,0,0,0,0,0,0
2015-08-06 00:00:00,0,0,0,0,0,0,0,0,0,0,0
2015-08-07 00:00:00,0,0,0,0,0,0,0,0,0,0,0
2015-08-10 00:00:00,0,0,0,0,0,0,0,0,0,0,0
2015-08-11 00:00:00,0,0,0,0,0,0,0,0,0,0,0
2015-08-12 00:00:00,0,0,0,0,0,0,0,0,0,0,0
2015-08-13 00:00:00,0,0,0,0,0,0,0,0,0,0,0
2015-08-14 00:00:00,1,0.0,0.02,0.02,0.02,0.02,0.02,0.08,0.08,0.08,0.02
2015-08-17 00:00:00,0,0,0,0,0,0,0,0,0,0,0
2015-08-18 00:00:00,0,0,0,0,0,0,0,0,0,0,0
2015-08-19 00:00:00,0,0,0,0,0,0,0,0,0,0,0
2015-08-20 00:00:00,0,0,0,0,0,0,0,0,0,0,0
2015-08-21 00:00:00,0,0,0,0,0,0,0,0,0,0,0
2015-08-24 00:00:00,0,0,0,0,0,0,0,0,0,0,0
2015-08-25 00:00:00,0,0,0,0,0,0,0,0,0,0,0
2015-08-26 00:00:00,0,0,0,0,0,0,0,0,0,0,0
2015-08-27 00:00:00,0,0,0,0,0,0,0,0,0,0,0
2015-08-28 00:00:00,0,0,0,0,0,0,0,0,0,0,0
2015-08-31 00:00:00,0,0,0,0,0,0,0,0,0,0,0
2015-09-01 00:00:00,0,0,0,0,0,0,0,0,0,0,0
2015-09-02 00:00:00,0,0,0,0,0,0,0,0,0,0,0
2015-09-07 00:00:00,0,0,0,0,0,0,0,0,0,0,0
2015-09-08 00:00:00,0,0,0,0,0,0,0,0,0,0,0
2015-09-09 00:00:00,0,0,0,0,0,0,0,0,0,0,0
2015-09-10 00:00:00,0,0,0,0,0,0,0,0,0,0,0
2015-09-11 00:00:00,0,0,0,0,0,0,0,0,0,0,0
2015-09-14 00:00:00,0,0,0,0,0,0,0,0,0,0,0
2015-09-15 00:00:00,0,0,0,0,0,0,0,0,0,0,0
2015-09-16 00:00:00,0,0,0,0,0,0,0,0,0,0,0
2015-09-17 00:00:00,0,0,0,0,0,0,0,0,0,0,0
2015-09-18 00:00:00,0,0,0,0,0,0,0,0,0,0,0
2015-09-21 00:00:00,0,0,0,0,0,0,0,0,0,0,0
2015-09-22 00:00:00,1,0.0,-0.05,-0.05,0,0.04,0.04,0.15,0.15,0.15,0.04
2015-09-23 00:00:00,0,0,0,0,0,0,0,0,0,0,0
2015-09-24 00:00:00,0,0,0,0,0,0,0,0,0,0,0
2015-09-25 00:00:00,0,0,0,0,0,0,0,0,0,0,0
2015-09-28 00:00:00,0,0,0,0,0,0,0,0,0,0,0
2015-09-29 00:00:00,0,0,0,0,0,0,0,0,0,0,0
2015-09-30 00:00:00,0,0,0,0,0,0,0,0,0,0,0
2015-10-08 00:00:00,0,0,0,0,0,0,0,0,0,0,0
2015-10-09 00:00:00,0,0,0,0,0,0,0,0,0,0,0
2015-10-12 00:00:00,0,0,0,0,0,0,0,0,0,0,0
2015-10-13 00:00:00,0,0,0,0,0,0,0,0,0,0,0
2015-10-14 00:00:00,0,0,0,0,0,0,0,0,0,0,0
2015-10-15 00:00:00,0,0,0,0,0,0,0,0,0,0,0
2015-10-16 00:00:00,0,0,0,0,0,0,0,0,0,0,0
2015-10-19 00:00:00,0,0,0,0,0,0,0,0,0,0,0
2015-10-20 00:00:00,1,0.0,0.1,0.1,0.1,0.14,0.14,0.14,0.14,0.14,0.14
2015-10-21 00:00:00,0,0,0,0,0,0,0,0,0,0,0
2015-10-22 00:00:00,0,0,0,0,0,0,0,0,0,0,0
2015-10-23 00:00:00,0,0,0,0,0,0,0,0,0,0,0
2015-10-26 00:00:00,1,0.0,0.1,0.1,0.1,0.21,0.21,0.21,0.1,0.1,0.21
2015-10-27 00:00:00,0,0,0,0,0,0,0,0,0,0,0
2015-10-28 00:00:00,0,0,0,0,0,0,0,0,0,0,0
2015-10-29 00:00:00,0,0,0,0,0,0,0,0,0,0,0
2015-10-30 00:00:00,0,0,0,0,0,0,0,0,0,0,0
2015-11-02 00:00:00,0,0,0,0,0,0,0,0,0,0,0
2015-11-03 00:00:00,0,0,0,0,0,0,0,0,0,0,0
2015-11-04 00:00:00,0,0,0,0,0,0,0,0,0,0,0
2015-11-05 00:00:00,0,0,0,0,0,0,0,0,0,0,0
2015-11-06 00:00:00,0,0,0,0,0,0,0,0,0,0,0
2015-11-09 00:00:00,0,0,0,0,0,0,0,0,0,0,0
2015-11-10 00:00:00,0,0,0,0,0,0,0,0,0,0,0
2015-11-11 00:00:00,0,0,0,0,0,0,0,0,0,0,0
2015-11-12 00:00:00,0,0,0,0,0,0,0,0,0,0,0
2015-11-13 00:00:00,0,0,0,0,0,0,0,0,0,0,0
2015-11-16 00:00:00,0,0,0,0,0,0,0,0,0,0,0
2015-11-17 00:00:00,0,0,0,0,0,0,0,0,0,0,0
2015-11-18 00:00:00,0,0,0,0,0,0,0,0,0,0,0
2015-11-19 00:00:00,0,0,0,0,0,0,0,0,0,0,0
2015-11-20 00:00:00,0,0,0,0,0,0,0,0,0,0,0
2015-11-23 00:00:00,0,0,0,0,0,0,0,0,0,0,0
2015-11-24 00:00:00,0,0,0,0,0,0,0,0,0,0,0
2015-11-25 00:00:00,0,0,0,0,0,0,0,0,0,0,0
2015-11-26 00:00:00,0,0,0,0,0,0,0,0,0,0,0
2015-11-27 00:00:00,0,0,0,0,0,0,0,0,0,0,0
2015-11-30 00:00:00,0,0,0,0,0,0,0,0,0,0,0
2015-12-01 00:00:00,0,0,0,0,0,0,0,0,0,0,0
2015-12-02 00:00:00,0,0,0,0,0,0,0,0,0,0,0
2015-12-03 00:00:00,0,0,0,0,0,0,0,0,0,0,0
2015-12-04 00:00:00,0,0,0,0,0,0,0,0,0,0,0
2015-12-07 00:00:00,0,0,0,0,0,0,0,0,0,0,0
2015-12-08 00:00:00,0,0,0,0,0,0,0,0,0,0,0
2015-12-09 00:00:00,0,0,0,0,0,0,0,0,0,0,0
2015-12-10 00:00:00,0,0,0,0,0,0,0,0,0,0,0
2015-12-11 00:00:00,0,0,0,0,0,0,0,0,0,0,0
2015-12-14 00:00:00,0,0,0,0,0,0,0,0,0,0,0
2015-12-15 00:00:00,0,0,0,0,0,0,0,0,0,0,0
2015-12-16 00:00:00,0,0,0,0,0,0,0,0,0,0,0
2015-12-17 00:00:00,0,0,0,0,0,0,0,0,0,0,0
2015-12-18 00:00:00,0,0,0,0,0,0,0,0,0,0,0
2015-12-21 00:00:00,0,0,0,0,0,0,0,0,0,0,0
2015-12-22 00:00:00,0,0,0,0,0,0,0,0,0,0,0
2015-12-23 00:00:00,0,0,0,0,0,0,0,0,0,0,0
2015-12-24 00:00:00,1,0.0,0.1,0.1,0.1,-0.01,-0.01,0,-0.02,-0.02,0
2015-12-25 00:00:00,0,0,0,0,0,0,0,0,0,0,0
2015-12-28 00:00:00,0,0,0,0,0,0,0,0,0,0,0
2015-12-29 00:00:00,0,0,0,0,0,0,0,0,0,0,0
2015-12-30 00:00:00,0,0,0,0,0,0,0,0,0,0,0
2015-12-31 00:00:00,0,0,0,0,0,0,0,0,0,0,0
2016-01-04 00:00:00,0,0,0,0,0,0,0,0,0,0,0
2016-01-05 00:00:00,0,0,0,0,0,0,0,0,0,0,0
2016-01-06 00:00:00,0,0,0,0,0,0,0,0,0,0,0
2016-01-07 00:00:00,0,0,0,0,0,0,0,0,0,0,0
2016-01-08 00:00:00,0,0,0,0,0,0,0,0,0,0,0
2016-01-11 00:00:00,0,0,0,0,0,0,0,0,0,0,0
2016-01-12 00:00:00,0,0,0,0,0,0,0,0,0,0,0
2016-01-13 00:00:00,0,0,0,0,0,0,0,0,0,0,0
2016-01-14 00:00:00,0,0,0,0,0,0,0,0,0,0,0
2016-01-15 00:00:00,0,0,0,0,0,0,0,0,0,0,0
2016-01-18 00:00:00,0,0,0,0,0,0,0,0,0,0,0
2016-01-19 00:00:00,0,0,0,0,0,0,0,0,0,0,0
2016-01-20 00:00:00,0,0,0,0,0,0,0,0,0,0,0
2016-01-21 00:00:00,0,0,0,0,0,0,0,0,0,0,0
2016-01-22 00:00:00,0,0,0,0,0,0,0,0,0,0,0
2016-01-25 00:00:00,0,0,0,0,0,0,0,0,0,0,0
2016-01-26 00:00:00,0,0,0,0,0,0,0,0,0,0,0
2016-01-27 00:00:00,0,0,0,0,0,0,0,0,0,0,0
2016-01-28 00:00:00,0,0,0,0,0,0,0,0,0,0,0
2016-01-29 00:00:00,0,0,0,0,0,0,0,0,0,0,0
2016-02-01 00:00:00,0,0,0,0,0,0,0,0,0,0,0
2016-02-02 00:00:00,0,0,0,0,0,0,0,0,0,0,0
2016-02-03 00:00:00,0,0,0,0,0,0,0,0,0,0,0
2016-02-04 00:00:00,0,0,0,0,0,0,0,0,0,0,0
2016-02-05 00:00:00,0,0,0,0,0,0,0,0,0,0,0
2016-02-15 00:00:00,0,0,0,0,0,0,0,0,0,0,0
2016-02-16 00:00:00,0,0,0,0,0,0,0,0,0,0,0
2016-02-17 00:00:00,0,0,0,0,0,0,0,0,0,0,0
2016-02-18 00:00:00,0,0,0,0,0,0,0,0,0,0,0
2016-02-19 00:00:00,0,0,0,0,0,0,0,0,0,0,0
2016-02-22 00:00:00,0,0,0,0,0,0,0,0,0,0,0
2016-02-23 00:00:00,0,0,0,0,0,0,0,0,0,0,0
2016-02-24 00:00:00,0,0,0,0,0,0,0,0,0,0,0
2016-02-25 00:00:00,0,0,0,0,0,0,0,0,0,0,0
2016-02-26 00:00:00,1,0.0,0.02,0.02,0.02,0.0,-0.0,0,-0.06,-0.06,0
2016-02-29 00:00:00,0,0,0,0,0,0,0,0,0,0,0
2016-03-01 00:00:00,0,0,0,0,0,0,0,0,0,0,0
2016-03-02 00:00:00,0,0,0,0,0,0,0,0,0,0,0
2016-03-03 00:00:00,0,0,0,0,0,0,0,0,0,0,0
2016-03-04 00:00:00,1,1.0,0.02,0.02,0.02,-0.01,-0.01,0,-0.03,-0.03,0
2016-03-07 00:00:00,0,0,0,0,0,0,0,0,0,0,0
2016-03-08 00:00:00,1,0.0,0.1,0.1,0.1,0.13,0.13,0.13,0.08,0.08,0.13
2016-03-09 00:00:00,0,0,0,0,0,0,0,0,0,0,0
2016-03-10 00:00:00,0,0,0,0,0,0,0,0,0,0,0
2016-03-11 00:00:00,0,0,0,0,0,0,0,0,0,0,0
2016-03-14 00:00:00,0,0,0,0,0,0,0,0,0,0,0
2016-03-15 00:00:00,0,0,0,0,0,0,0,0,0,0,0
2016-03-16 00:00:00,0,0,0,0,0,0,0,0,0,0,0
2016-03-17 00:00:00,0,0,0,0,0,0,0,0,0,0,0
2016-03-18 00:00:00,0,0,0,0,0,0,0,0,0,0,0
2016-03-21 00:00:00,0,0,0,0,0,0,0,0,0,0,0
2016-03-22 00:00:00,0,0,0,0,0,0,0,0,0,0,0
2016-03-23 00:00:00,0,0,0,0,0,0,0,0,0,0,0
2016-03-24 00:00:00,0,0,0,0,0,0,0,0,0,0,0
2016-03-25 00:00:00,0,0,0,0,0,0,0,0,0,0,0
2016-03-28 00:00:00,0,0,0,0,0,0,0,0,0,0,0
2016-03-29 00:00:00,0,0,0,0,0,0,0,0,0,0,0
2016-03-30 00:00:00,0,0,0,0,0,0,0,0,0,0,0
2016-03-31 00:00:00,0,0,0,0,0,0,0,0,0,0,0
2016-04-01 00:00:00,0,0,0,0,0,0,0,0,0,0,0
2016-04-05 00:00:00,0,0,0,0,0,0,0,0,0,0,0
2016-04-06 00:00:00,0,0,0,0,0,0,0,0,0,0,0
2016-04-07 00:00:00,0,0,0,0,0,0,0,0,0,0,0
2016-04-08 00:00:00,0,0,0,0,0,0,0,0,0,0,0
2016-04-11 00:00:00,0,0,0,0,0,0,0,0,0,0,0
2016-04-12 00:00:00,0,0,0,0,0,0,0,0,0,0,0
2016-04-13 00:00:00,0,0,0,0,0,0,0,0,0,0,0
2016-04-14 00:00:00,1,0.0,0.1,0.1,0.1,0.21,0.21,0.33,0.33,0.33,0.21
2016-04-15 00:00:00,0,0,0,0,0,0,0,0,0,0,0
2016-04-18 00:00:00,0,0,0,0,0,0,0,0,0,0,0
2016-04-19 00:00:00,0,0,0,0,0,0,0,0,0,0,0
2016-04-20 00:00:00,0,0,0,0,0,0,0,0,0,0,0
2016-04-21 00:00:00,0,0,0,0,0,0,0,0,0,0,0
2016-04-22 00:00:00,1,0.0,0.1,0.1,0.1,0.21,0.21,0.21,0.19,0.19,0.21
2016-04-25 00:00:00,0,0,0,0,0,0,0,0,0,0,0
2016-04-26 00:00:00,0,0,0,0,0,0,0,0,0,0,0
2016-04-27 00:00:00,0,0,0,0,0,0,0,0,0,0,0
2016-04-28 00:00:00,0,0,0,0,0,0,0,0,0,0,0
2016-04-29 00:00:00,0,0,0,0,0,0,0,0,0,0,0
2016-05-03 00:00:00,0,0,0,0,0,0,0,0,0,0,0
2016-05-04 00:00:00,0,0,0,0,0,0,0,0,0,0,0
2016-05-05 00:00:00,0,0,0,0,0,0,0,0,0,0,0
2016-05-06 00:00:00,0,0,0,0,0,0,0,0,0,0,0
2016-05-09 00:00:00,0,0,0,0,0,0,0,0,0,0,0
2016-05-10 00:00:00,0,0,0,0,0,0,0,0,0,0,0
2016-05-11 00:00:00,0,0,0,0,0,0,0,0,0,0,0
2016-05-12 00:00:00,0,0,0,0,0,0,0,0,0,0,0
2016-05-13 00:00:00,0,0,0,0,0,0,0,0,0,0,0
2016-05-16 00:00:00,0,0,0,0,0,0,0,0,0,0,0
2016-05-17 00:00:00,0,0,0,0,0,0,0,0,0,0,0
2016-05-18 00:00:00,0,0,0,0,0,0,0,0,0,0,0
2016-05-19 00:00:00,0,0,0,0,0,0,0,0,0,0,0
2016-05-20 00:00:00,0,0,0,0,0,0,0,0,0,0,0
2016-05-23 00:00:00,0,0,0,0,0,0,0,0,0,0,0
2016-05-24 00:00:00,0,0,0,0,0,0,0,0,0,0,0
2016-05-25 00:00:00,0,0,0,0,0,0,0,0,0,0,0
2016-05-26 00:00:00,0,0,0,0,0,0,0,0,0,0,0
2016-05-27 00:00:00,0,0,0,0,0,0,0,0,0,0,0
2016-05-30 00:00:00,0,0,0,0,0,0,0,0,0,0,0
2016-05-31 00:00:00,0,0,0,0,0,0,0,0,0,0,0
2016-06-01 00:00:00,0,0,0,0,0,0,0,0,0,0,0
2016-06-02 00:00:00,0,0,0,0,0,0,0,0,0,0,0
2016-06-03 00:00:00,0,0,0,0,0,0,0,0,0,0,0
2016-06-06 00:00:00,0,0,0,0,0,0,0,0,0,0,0
2016-06-07 00:00:00,0,0,0,0,0,0,0,0,0,0,0
2016-06-08 00:00:00,0,0,0,0,0,0,0,0,0,0,0
2016-06-13 00:00:00,0,0,0,0,0,0,0,0,0,0,0
2016-06-14 00:00:00,0,0,0,0,0,0,0,0,0,0,0
2016-06-15 00:00:00,0,0,0,0,0,0,0,0,0,0,0
2016-06-16 00:00:00,0,0,0,0,0,0,0,0,0,0,0
2016-06-17 00:00:00,0,0,0,0,0,0,0,0,0,0,0
2016-06-20 00:00:00,0,0,0,0,0,0,0,0,0,0,0
2016-06-21 00:00:00,0,0,0,0,0,0,0,0,0,0,0
2016-06-22 00:00:00,0,0,0,0,0,0,0,0,0,0,0
2016-06-23 00:00:00,0,0,0,0,0,0,0,0,0,0,0
2016-06-24 00:00:00,0,0,0,0,0,0,0,0,0,0,0
2016-06-27 00:00:00,0,0,0,0,0,0,0,0,0,0,0
2016-06-28 00:00:00,0,0,0,0,0,0,0,0,0,0,0
2016-06-29 00:00:00,0,0,0,0,0,0,0,0,0,0,0
2016-06-30 00:00:00,0,0,0,0,0,0,0,0,0,0,0
2016-07-01 00:00:00,0,0,0,0,0,0,0,0,0,0,0
2016-07-04 00:00:00,0,0,0,0,0,0,0,0,0,0,0
2016-07-05 00:00:00,0,0,0,0,0,0,0,0,0,0,0
2016-07-06 00:00:00,0,0,0,0,0,0,0,0,0,0,0
2016-07-07 00:00:00,0,0,0,0,0,0,0,0,0,0,0
2016-07-08 00:00:00,0,0,0,0,0,0,0,0,0,0,0
2016-07-11 00:00:00,0,0,0,0,0,0,0,0,0,0,0
2016-07-12 00:00:00,0,0,0,0,0,0,0,0,0,0,0
2016-07-13 00:00:00,0,0,0,0,0,0,0,0,0,0,0
2016-07-14 00:00:00,0,0,0,0,0,0,0,0,0,0,0
2016-07-15 00:00:00,0,0,0,0,0,0,0,0,0,0,0
2016-07-18 00:00:00,0,0,0,0,0,0,0,0,0,0,0
2016-07-19 00:00:00,0,0,0,0,0,0,0,0,0,0,0
2016-07-20 00:00:00,0,0,0,0,0,0,0,0,0,0,0
2016-07-21 00:00:00,0,0,0,0,0,0,0,0,0,0,0
2016-07-22 00:00:00,0,0,0,0,0,0,0,0,0,0,0
2016-07-25 00:00:00,0,0,0,0,0,0,0,0,0,0,0
2016-07-26 00:00:00,0,0,0,0,0,0,0,0,0,0,0
2016-07-27 00:00:00,0,0,0,0,0,0,0,0,0,0,0
2016-07-28 00:00:00,0,0,0,0,0,0,0,0,0,0,0
2016-07-29 00:00:00,0,0,0,0,0,0,0,0,0,0,0
2016-08-01 00:00:00,0,0,0,0,0,0,0,0,0,0,0
2016-08-02 00:00:00,0,0,0,0,0,0,0,0,0,0,0
2016-08-03 00:00:00,0,0,0,0,0,0,0,0,0,0,0
2016-08-04 00:00:00,0,0,0,0,0,0,0,0,0,0,0
2016-08-05 00:00:00,0,0,0,0,0,0,0,0,0,0,0
2016-08-08 00:00:00,0,0,0,0,0,0,0,0,0,0,0
2016-08-09 00:00:00,0,0,0,0,0,0,0,0,0,0,0
2016-08-10 00:00:00,0,0,0,0,0,0,0,0,0,0,0
2016-08-11 00:00:00,0,0,0,0,0,0,0,0,0,0,0
2016-08-12 00:00:00,0,0,0,0,0,0,0,0,0,0,0
2016-08-15 00:00:00,0,0,0,0,0,0,0,0,0,0,0
2016-08-16 00:00:00,0,0,0,0,0,0,0,0,0,0,0
2016-08-17 00:00:00,0,0,0,0,0,0,0,0,0,0,0
2016-08-18 00:00:00,0,0,0,0,0,0,0,0,0,0,0
2016-08-19 00:00:00,0,0,0,0,0,0,0,0,0,0,0
2016-08-22 00:00:00,0,0,0,0,0,0,0,0,0,0,0
2016-08-23 00:00:00,0,0,0,0,0,0,0,0,0,0,0
2016-08-24 00:00:00,0,0,0,0,0,0,0,0,0,0,0
2016-08-25 00:00:00,1,0.0,0.09,0.09,0.09,0.03,0.03,0.03,0.02,0.02,0.03
2016-08-26 00:00:00,0,0,0,0,0,0,0,0,0,0,0
2016-08-29 00:00:00,0,0,0,0,0,0,0,0,0,0,0
2016-08-30 00:00:00,0,0,0,0,0,0,0,0,0,0,0
2016-08-31 00:00:00,0,0,0,0,0,0,0,0,0,0,0
2016-09-01 00:00:00,0,0,0,0,0,0,0,0,0,0,0
2016-09-02 00:00:00,0,0,0,0,0,0,0,0,0,0,0
2016-09-05 00:00:00,0,0,0,0,0,0,0,0,0,0,0
2016-09-06 00:00:00,0,0,0,0,0,0,0,0,0,0,0
2016-09-07 00:00:00,0,0,0,0,0,0,0,0,0,0,0
2016-09-08 00:00:00,0,0,0,0,0,0,0,0,0,0,0
2016-09-09 00:00:00,0,0,0,0,0,0,0,0,0,0,0
2016-09-12 00:00:00,0,0,0,0,0,0,0,0,0,0,0
2016-09-13 00:00:00,0,0,0,0,0,0,0,0,0,0,0
2016-09-14 00:00:00,0,0,0,0,0,0,0,0,0,0,0
2016-09-19 00:00:00,0,0,0,0,0,0,0,0,0,0,0
2016-09-20 00:00:00,0,0,0,0,0,0,0,0,0,0,0
2016-09-21 00:00:00,0,0,0,0,0,0,0,0,0,0,0
2016-09-22 00:00:00,0,0,0,0,0,0,0,0,0,0,0
2016-09-23 00:00:00,0,0,0,0,0,0,0,0,0,0,0
2016-09-26 00:00:00,0,0,0,0,0,0,0,0,0,0,0
2016-09-27 00:00:00,0,0,0,0,0,0,0,0,0,0,0
2016-09-28 00:00:00,0,0,0,0,0,0,0,0,0,0,0
2016-09-29 00:00:00,0,0,0,0,0,0,0,0,0,0,0
2016-09-30 00:00:00,0,0,0,0,0,0,0,0,0,0,0
2016-10-10 00:00:00,0,0,0,0,0,0,0,0,0,0,0
2016-10-11 00:00:00,0,0,0,0,0,0,0,0,0,0,0
2016-10-12 00:00:00,0,0,0,0,0,0,0,0,0,0,0
2016-10-13 00:00:00,0,0,0,0,0,0,0,0,0,0,0
2016-10-14 00:00:00,0,0,0,0,0,0,0,0,0,0,0
2016-10-17 00:00:00,0,0,0,0,0,0,0,0,0,0,0
2016-10-18 00:00:00,0,0,0,0,0,0,0,0,0,0,0
2016-10-19 00:00:00,1,0.0,-0.02,-0.02,0,0.0,0.0,0.1,0.1,0.1,0
2016-10-20 00:00:00,0,0,0,0,0,0,0,0,0,0,0
2016-10-21 00:00:00,0,0,0,0,0,0,0,0,0,0,0
2016-10-24 00:00:00,0,0,0,0,0,0,0,0,0,0,0
2016-10-25 00:00:00,0,0,0,0,0,0,0,0,0,0,0
2016-10-26 00:00:00,1,0.0,0.1,0.1,0.1,0.21,0.21,0.21,0.21,0.21,0.21
2016-10-27 00:00:00,0,0,0,0,0,0,0,0,0,0,0
2016-10-28 00:00:00,0,0,0,0,0,0,0,0,0,0,0
2016-10-31 00:00:00,0,0,0,0,0,0,0,0,0,0,0
2016-11-01 00:00:00,0,0,0,0,0,0,0,0,0,0,0
2016-11-02 00:00:00,0,0,0,0,0,0,0,0,0,0,0
2016-11-03 00:00:00,0,0,0,0,0,0,0,0,0,0,0
2016-11-04 00:00:00,0,0,0,0,0,0,0,0,0,0,0
2016-11-07 00:00:00,1,0.0,0.1,0.1,0.1,0.21,0.21,0.33,0.33,0.33,0.21
2016-11-08 00:00:00,1,1.0,0.1,0.1,0.1,0.02,0.02,0.02,0.0,0.0,0.02
2016-11-09 00:00:00,1,0.0,-0.03,-0.03,0,-0.08,-0.08,0,-0.05,-0.05,0
2016-11-10 00:00:00,0,0,0,0,0,0,0,0,0,0,0
2016-11-11 00:00:00,0,0,0,0,0,0,0,0,0,0,0
2016-11-14 00:00:00,0,0,0,0,0,0,0,0,0,0,0
2016-11-15 00:00:00,0,0,0,0,0,0,0,0,0,0,0
2016-11-16 00:00:00,0,0,0,0,0,0,0,0,0,0,0
2016-11-17 00:00:00,0,0,0,0,0,0,0,0,0,0,0
2016-11-18 00:00:00,0,0,0,0,0,0,0,0,0,0,0
2016-11-21 00:00:00,0,0,0,0,0,0,0,0,0,0,0
2016-11-22 00:00:00,0,0,0,0,0,0,0,0,0,0,0
2016-11-23 00:00:00,0,0,0,0,0,0,0,0,0,0,0
2016-11-24 00:00:00,0,0,0,0,0,0,0,0,0,0,0
2016-11-25 00:00:00,0,0,0,0,0,0,0,0,0,0,0
2016-11-28 00:00:00,0,0,0,0,0,0,0,0,0,0,0
2016-11-29 00:00:00,0,0,0,0,0,0,0,0,0,0,0
2016-11-30 00:00:00,0,0,0,0,0,0,0,0,0,0,0
2016-12-01 00:00:00,0,0,0,0,0,0,0,0,0,0,0
2016-12-02 00:00:00,0,0,0,0,0,0,0,0,0,0,0
2016-12-05 00:00:00,0,0,0,0,0,0,0,0,0,0,0
2016-12-06 00:00:00,0,0,0,0,0,0,0,0,0,0,0
2016-12-07 00:00:00,0,0,0,0,0,0,0,0,0,0,0
2016-12-08 00:00:00,0,0,0,0,0,0,0,0,0,0,0
2016-12-09 00:00:00,0,0,0,0,0,0,0,0,0,0,0
2016-12-12 00:00:00,0,0,0,0,0,0,0,0,0,0,0
2016-12-13 00:00:00,0,0,0,0,0,0,0,0,0,0,0
2016-12-14 00:00:00,0,0,0,0,0,0,0,0,0,0,0
2016-12-15 00:00:00,0,0,0,0,0,0,0,0,0,0,0
2016-12-16 00:00:00,0,0,0,0,0,0,0,0,0,0,0
2016-12-19 00:00:00,0,0,0,0,0,0,0,0,0,0,0
2016-12-20 00:00:00,0,0,0,0,0,0,0,0,0,0,0
2016-12-21 00:00:00,0,0,0,0,0,0,0,0,0,0,0
2016-12-22 00:00:00,0,0,0,0,0,0,0,0,0,0,0
2016-12-23 00:00:00,0,0,0,0,0,0,0,0,0,0,0
2016-12-26 00:00:00,0,0,0,0,0,0,0,0,0,0,0
2016-12-27 00:00:00,0,0,0,0,0,0,0,0,0,0,0
2016-12-28 00:00:00,0,0,0,0,0,0,0,0,0,0,0
2016-12-29 00:00:00,1,0.0,0.0,0.0,0,-0.02,-0.02,0,-0.05,-0.05,0
2016-12-30 00:00:00,0,0,0,0,0,0,0,0,0,0,0
2017-01-03 00:00:00,1,1.0,0.1,0.1,0.1,0.05,0.05,0.05,0.05,0.05,0.05
2017-01-04 00:00:00,0,0,0,0,0,0,0,0,0,0,0
2017-01-05 00:00:00,0,0,0,0,0,0,0,0,0,0,0
2017-01-06 00:00:00,0,0,0,0,0,0,0,0,0,0,0
2017-01-09 00:00:00,2,0.0,0.05,0.05,0.05,-0.02,-0.02,0,-0.05,-0.05,0
2017-01-10 00:00:00,0,0,0,0,0,0,0,0,0,0,0
2017-01-11 00:00:00,0,0,0,0,0,0,0,0,0,0,0
2017-01-12 00:00:00,0,0,0,0,0,0,0,0,0,0,0
2017-01-13 00:00:00,0,0,0,0,0,0,0,0,0,0,0
2017-01-16 00:00:00,0,0,0,0,0,0,0,0,0,0,0
2017-01-17 00:00:00,0,0,0,0,0,0,0,0,0,0,0
2017-01-18 00:00:00,0,0,0,0,0,0,0,0,0,0,0
2017-01-19 00:00:00,0,0,0,0,0,0,0,0,0,0,0
2017-01-20 00:00:00,0,0,0,0,0,0,0,0,0,0,0
2017-01-23 00:00:00,0,0,0,0,0,0,0,0,0,0,0
2017-01-24 00:00:00,0,0,0,0,0,0,0,0,0,0,0
2017-01-25 00:00:00,0,0,0,0,0,0,0,0,0,0,0
2017-01-26 00:00:00,0,0,0,0,0,0,0,0,0,0,0
2017-02-03 00:00:00,0,0,0,0,0,0,0,0,0,0,0
2017-02-06 00:00:00,0,0,0,0,0,0,0,0,0,0,0
2017-02-07 00:00:00,0,0,0,0,0,0,0,0,0,0,0
2017-02-08 00:00:00,0,0,0,0,0,0,0,0,0,0,0
2017-02-09 00:00:00,0,0,0,0,0,0,0,0,0,0,0
2017-02-10 00:00:00,0,0,0,0,0,0,0,0,0,0,0
2017-02-13 00:00:00,0,0,0,0,0,0,0,0,0,0,0
2017-02-14 00:00:00,0,0,0,0,0,0,0,0,0,0,0
2017-02-15 00:00:00,0,0,0,0,0,0,0,0,0,0,0
2017-02-16 00:00:00,0,0,0,0,0,0,0,0,0,0,0
2017-02-17 00:00:00,0,0,0,0,0,0,0,0,0,0,0
2017-02-20 00:00:00,0,0,0,0,0,0,0,0,0,0,0
2017-02-21 00:00:00,0,0,0,0,0,0,0,0,0,0,0
2017-02-22 00:00:00,0,0,0,0,0,0,0,0,0,0,0
2017-02-23 00:00:00,0,0,0,0,0,0,0,0,0,0,0
2017-02-24 00:00:00,0,0,0,0,0,0,0,0,0,0,0
2017-02-27 00:00:00,0,0,0,0,0,0,0,0,0,0,0
2017-02-28 00:00:00,0,0,0,0,0,0,0,0,0,0,0
2017-03-01 00:00:00,0,0,0,0,0,0,0,0,0,0,0
2017-03-02 00:00:00,0,0,0,0,0,0,0,0,0,0,0
2017-03-03 00:00:00,0,0,0,0,0,0,0,0,0,0,0
2017-03-06 00:00:00,0,0,0,0,0,0,0,0,0,0,0
2017-03-07 00:00:00,0,0,0,0,0,0,0,0,0,0,0
2017-03-08 00:00:00,0,0,0,0,0,0,0,0,0,0,0
2017-03-09 00:00:00,0,0,0,0,0,0,0,0,0,0,0
2017-03-10 00:00:00,0,0,0,0,0,0,0,0,0,0,0
2017-03-13 00:00:00,0,0,0,0,0,0,0,0,0,0,0
2017-03-14 00:00:00,0,0,0,0,0,0,0,0,0,0,0
2017-03-15 00:00:00,0,0,0,0,0,0,0,0,0,0,0
2017-03-16 00:00:00,0,0,0,0,0,0,0,0,0,0,0
2017-03-17 00:00:00,0,0,0,0,0,0,0,0,0,0,0
2017-03-20 00:00:00,0,0,0,0,0,0,0,0,0,0,0
2017-03-21 00:00:00,0,0,0,0,0,0,0,0,0,0,0
2017-03-22 00:00:00,0,0,0,0,0,0,0,0,0,0,0
2017-03-23 00:00:00,2,0.0,0.06,0.06,0.06,0.16,0.16,0.16,0.12,0.12,0.16
2017-03-24 00:00:00,0,0,0,0,0,0,0,0,0,0,0
2017-03-27 00:00:00,0,0,0,0,0,0,0,0,0,0,0
2017-03-28 00:00:00,0,0,0,0,0,0,0,0,0,0,0
2017-03-29 00:00:00,0,0,0,0,0,0,0,0,0,0,0
2017-03-30 00:00:00,0,0,0,0,0,0,0,0,0,0,0
2017-03-31 00:00:00,0,0,0,0,0,0,0,0,0,0,0
2017-04-05 00:00:00,0,0,0,0,0,0,0,0,0,0,0
2017-04-06 00:00:00,0,0,0,0,0,0,0,0,0,0,0
2017-04-07 00:00:00,0,0,0,0,0,0,0,0,0,0,0
2017-04-10 00:00:00,0,0,0,0,0,0,0,0,0,0,0
2017-04-11 00:00:00,0,0,0,0,0,0,0,0,0,0,0
2017-04-12 00:00:00,1,0.0,0.1,0.1,0.1,0.21,0.21,0.33,0.33,0.33,0.21
2017-04-13 00:00:00,1,0.0,0.1,0.1,0.1,0.21,0.21,0.33,0.33,0.33,0.21
2017-04-14 00:00:00,1,0.0,0.1,0.1,0.1,0.21,0.21,0.33,0.33,0.33,0.21
2017-04-17 00:00:00,0,0,0,0,0,0,0,0,0,0,0
2017-04-18 00:00:00,0,0,0,0,0,0,0,0,0,0,0
2017-04-19 00:00:00,0,0,0,0,0,0,0,0,0,0,0
2017-04-20 00:00:00,0,0,0,0,0,0,0,0,0,0,0
2017-04-21 00:00:00,0,0,0,0,0,0,0,0,0,0,0
2017-04-24 00:00:00,0,0,0,0,0,0,0,0,0,0,0
2017-04-25 00:00:00,0,0,0,0,0,0,0,0,0,0,0
2017-04-26 00:00:00,0,0,0,0,0,0,0,0,0,0,0
2017-04-27 00:00:00,0,0,0,0,0,0,0,0,0,0,0
2017-04-28 00:00:00,0,0,0,0,0,0,0,0,0,0,0
2017-05-02 00:00:00,0,0,0,0,0,0,0,0,0,0,0
2017-05-03 00:00:00,0,0,0,0,0,0,0,0,0,0,0
2017-05-04 00:00:00,0,0,0,0,0,0,0,0,0,0,0
2017-05-05 00:00:00,0,0,0,0,0,0,0,0,0,0,0
2017-05-08 00:00:00,0,0,0,0,0,0,0,0,0,0,0
2017-05-09 00:00:00,0,0,0,0,0,0,0,0,0,0,0
2017-05-10 00:00:00,0,0,0,0,0,0,0,0,0,0,0
2017-05-11 00:00:00,0,0,0,0,0,0,0,0,0,0,0
2017-05-12 00:00:00,0,0,0,0,0,0,0,0,0,0,0
2017-05-15 00:00:00,0,0,0,0,0,0,0,0,0,0,0
2017-05-16 00:00:00,0,0,0,0,0,0,0,0,0,0,0
2017-05-17 00:00:00,0,0,0,0,0,0,0,0,0,0,0
2017-05-18 00:00:00,0,0,0,0,0,0,0,0,0,0,0
2017-05-19 00:00:00,0,0,0,0,0,0,0,0,0,0,0
2017-05-22 00:00:00,0,0,0,0,0,0,0,0,0,0,0
2017-05-23 00:00:00,0,0,0,0,0,0,0,0,0,0,0
2017-05-24 00:00:00,0,0,0,0,0,0,0,0,0,0,0
2017-05-25 00:00:00,0,0,0,0,0,0,0,0,0,0,0
2017-05-26 00:00:00,0,0,0,0,0,0,0,0,0,0,0
2017-05-31 00:00:00,0,0,0,0,0,0,0,0,0,0,0
2017-06-01 00:00:00,0,0,0,0,0,0,0,0,0,0,0
2017-06-02 00:00:00,0,0,0,0,0,0,0,0,0,0,0
2017-06-05 00:00:00,0,0,0,0,0,0,0,0,0,0,0
2017-06-06 00:00:00,1,1.0,-0.02,-0.02,0,-0.07,-0.07,0.02,0.02,0.02,0
2017-06-07 00:00:00,0,0,0,0,0,0,0,0,0,0,0
2017-06-08 00:00:00,0,0,0,0,0,0,0,0,0,0,0
2017-06-09 00:00:00,2,0.0,0.1,0.1,0.1,0.18,0.15,0.33,0.23,0.13,0.33
2017-06-12 00:00:00,0,0,0,0,0,0,0,0,0,0,0
2017-06-13 00:00:00,0,0,0,0,0,0,0,0,0,0,0
2017-06-14 00:00:00,0,0,0,0,0,0,0,0,0,0,0
2017-06-15 00:00:00,1,1.0,0.01,0.01,0.01,0.06,0.06,0.06,0.04,0.04,0.06
2017-06-16 00:00:00,0,0,0,0,0,0,0,0,0,0,0
2017-06-19 00:00:00,0,0,0,0,0,0,0,0,0,0,0
2017-06-20 00:00:00,0,0,0,0,0,0,0,0,0,0,0
2017-06-21 00:00:00,1,1.0,-0.04,-0.04,0,0.06,0.06,0.06,0.02,0.02,0.06
2017-06-22 00:00:00,0,0,0,0,0,0,0,0,0,0,0
2017-06-23 00:00:00,0,0,0,0,0,0,0,0,0,0,0
2017-06-26 00:00:00,0,0,0,0,0,0,0,0,0,0,0
2017-06-27 00:00:00,0,0,0,0,0,0,0,0,0,0,0
2017-06-28 00:00:00,0,0,0,0,0,0,0,0,0,0,0
2017-06-29 00:00:00,0,0,0,0,0,0,0,0,0,0,0
2017-06-30 00:00:00,0,0,0,0,0,0,0,0,0,0,0
2017-07-03 00:00:00,0,0,0,0,0,0,0,0,0,0,0
2017-07-04 00:00:00,0,0,0,0,0,0,0,0,0,0,0
2017-07-05 00:00:00,0,0,0,0,0,0,0,0,0,0,0
2017-07-06 00:00:00,0,0,0,0,0,0,0,0,0,0,0
2017-07-07 00:00:00,0,0,0,0,0,0,0,0,0,0,0
2017-07-10 00:00:00,0,0,0,0,0,0,0,0,0,0,0
2017-07-11 00:00:00,1,0.0,0.02,0.02,0.02,0.11,0.11,0.11,0.0,0.0,0.11
2017-07-12 00:00:00,0,0,0,0,0,0,0,0,0,0,0
2017-07-13 00:00:00,0,0,0,0,0,0,0,0,0,0,0
2017-07-14 00:00:00,0,0,0,0,0,0,0,0,0,0,0
2017-07-17 00:00:00,0,0,0,0,0,0,0,0,0,0,0
2017-07-18 00:00:00,0,0,0,0,0,0,0,0,0,0,0
2017-07-19 00:00:00,0,0,0,0,0,0,0,0,0,0,0
2017-07-20 00:00:00,0,0,0,0,0,0,0,0,0,0,0
2017-07-21 00:00:00,0,0,0,0,0,0,0,0,0,0,0
2017-07-24 00:00:00,0,0,0,0,0,0,0,0,0,0,0
2017-07-25 00:00:00,1,0.0,-0.02,-0.02,0,-0.05,-0.05,0,-0.08,-0.08,0
2017-07-26 00:00:00,0,0,0,0,0,0,0,0,0,0,0
2017-07-27 00:00:00,0,0,0,0,0,0,0,0,0,0,0
2017-07-28 00:00:00,1,1.0,-0.03,-0.03,0,-0.07,-0.07,0,-0.06,-0.06,0
2017-07-31 00:00:00,0,0,0,0,0,0,0,0,0,0,0
2017-08-01 00:00:00,0,0,0,0,0,0,0,0,0,0,0
2017-08-02 00:00:00,0,0,0,0,0,0,0,0,0,0,0
2017-08-03 00:00:00,0,0,0,0,0,0,0,0,0,0,0
2017-08-04 00:00:00,1,0.0,0.03,0.03,0.03,0.0,0.0,0,-0.06,-0.06,0
2017-08-07 00:00:00,0,0,0,0,0,0,0,0,0,0,0
2017-08-08 00:00:00,0,0,0,0,0,0,0,0,0,0,0
2017-08-09 00:00:00,0,0,0,0,0,0,0,0,0,0,0
2017-08-10 00:00:00,1,0.0,-0.01,-0.01,0,0.09,0.09,0.09,0.09,0.09,0.09
2017-08-11 00:00:00,0,0,0,0,0,0,0,0,0,0,0
2017-08-14 00:00:00,0,0,0,0,0,0,0,0,0,0,0
2017-08-15 00:00:00,0,0,0,0,0,0,0,0,0,0,0
2017-08-16 00:00:00,1,0.0,0.1,0.1,0.1,0.21,0.21,0.25,0.25,0.25,0.21
2017-08-17 00:00:00,0,0,0,0,0,0,0,0,0,0,0
2017-08-18 00:00:00,0,0,0,0,0,0,0,0,0,0,0
2017-08-21 00:00:00,0,0,0,0,0,0,0,0,0,0,0
2017-08-22 00:00:00,0,0,0,0,0,0,0,0,0,0,0
2017-08-23 00:00:00,0,0,0,0,0,0,0,0,0,0,0
2017-08-24 00:00:00,1,0.0,0.02,0.02,0.02,-0.03,-0.03,0.06,0.06,0.06,0
2017-08-25 00:00:00,0,0,0,0,0,0,0,0,0,0,0
2017-08-28 00:00:00,0,0,0,0,0,0,0,0,0,0,0
2017-08-29 00:00:00,0,0,0,0,0,0,0,0,0,0,0
2017-08-30 00:00:00,0,0,0,0,0,0,0,0,0,0,0
2017-08-31 00:00:00,0,0,0,0,0,0,0,0,0,0,0
2017-09-01 00:00:00,2,0.0,-0.03,-0.03,0,-0.02,-0.02,0,-0.01,-0.01,0
2017-09-04 00:00:00,0,0,0,0,0,0,0,0,0,0,0
2017-09-05 00:00:00,0,0,0,0,0,0,0,0,0,0,0
2017-09-06 00:00:00,0,0,0,0,0,0,0,0,0,0,0
2017-09-07 00:00:00,0,0,0,0,0,0,0,0,0,0,0
2017-09-08 00:00:00,0,0,0,0,0,0,0,0,0,0,0
2017-09-11 00:00:00,0,0,0,0,0,0,0,0,0,0,0
2017-09-12 00:00:00,0,0,0,0,0,0,0,0,0,0,0
2017-09-13 00:00:00,1,0.0,-0.06,-0.06,0,-0.06,-0.06,0,-0.11,-0.11,0
2017-09-14 00:00:00,0,0,0,0,0,0,0,0,0,0,0
2017-09-15 00:00:00,1,1.0,0.03,0.03,0.03,-0.01,-0.01,0.01,0.01,0.01,0
2017-09-18 00:00:00,0,0,0,0,0,0,0,0,0,0,0
2017-09-19 00:00:00,0,0,0,0,0,0,0,0,0,0,0
2017-09-20 00:00:00,0,0,0,0,0,0,0,0,0,0,0
2017-09-21 00:00:00,0,0,0,0,0,0,0,0,0,0,0
2017-09-22 00:00:00,1,0.0,0.1,0.1,0.1,0.21,0.21,0.33,0.33,0.33,0.21
2017-09-25 00:00:00,0,0,0,0,0,0,0,0,0,0,0
2017-09-26 00:00:00,0,0,0,0,0,0,0,0,0,0,0
2017-09-27 00:00:00,0,0,0,0,0,0,0,0,0,0,0
2017-09-28 00:00:00,1,0.0,0.08,0.08,0.08,0.18,0.18,0.3,0.3,0.3,0.18
2017-09-29 00:00:00,0,0,0,0,0,0,0,0,0,0,0
2017-10-09 00:00:00,0,0,0,0,0,0,0,0,0,0,0
2017-10-10 00:00:00,0,0,0,0,0,0,0,0,0,0,0
2017-10-11 00:00:00,1,0.0,0.1,0.1,0.1,0.21,0.21,0.33,0.33,0.33,0.21
2017-10-12 00:00:00,3,0.0,0.07,0.05,0.1,0.09,-0.04,0.33,0.15,0.01,0.33
2017-10-13 00:00:00,1,0.0,0.1,0.1,0.1,0.21,0.21,0.33,0.33,0.33,0.21
2017-10-16 00:00:00,0,0,0,0,0,0,0,0,0,0,0
2017-10-17 00:00:00,1,0.0,0.07,0.07,0.07,-0.03,-0.03,0,-0.06,-0.06,0
2017-10-18 00:00:00,0,0,0,0,0,0,0,0,0,0,0
2017-10-19 00:00:00,0,0,0,0,0,0,0,0,0,0,0
2017-10-20 00:00:00,0,0,0,0,0,0,0,0,0,0,0
2017-10-23 00:00:00,0,0,0,0,0,0,0,0,0,0,0
2017-10-24 00:00:00,0,0,0,0,0,0,0,0,0,0,0
2017-10-25 00:00:00,0,0,0,0,0,0,0,0,0,0,0
2017-10-26 00:00:00,0,0,0,0,0,0,0,0,0,0,0
2017-10-27 00:00:00,0,0,0,0,0,0,0,0,0,0,0
2017-10-30 00:00:00,0,0,0,0,0,0,0,0,0,0,0
2017-10-31 00:00:00,0,0,0,0,0,0,0,0,0,0,0
2017-11-01 00:00:00,0,0,0,0,0,0,0,0,0,0,0
2017-11-02 00:00:00,2,0.5,-0.03,-0.08,0.02,-0.06,-0.1,0,-0.12,-0.14,0
2017-11-03 00:00:00,0,0,0,0,0,0,0,0,0,0,0
2017-11-06 00:00:00,0,0,0,0,0,0,0,0,0,0,0
2017-11-07 00:00:00,0,0,0,0,0,0,0,0,0,0,0
2017-11-08 00:00:00,0,0,0,0,0,0,0,0,0,0,0
2017-11-09 00:00:00,0,0,0,0,0,0,0,0,0,0,0
2017-11-10 00:00:00,0,0,0,0,0,0,0,0,0,0,0
2017-11-13 00:00:00,0,0,0,0,0,0,0,0,0,0,0
2017-11-14 00:00:00,0,0,0,0,0,0,0,0,0,0,0
2017-11-15 00:00:00,0,0,0,0,0,0,0,0,0,0,0
2017-11-16 00:00:00,0,0,0,0,0,0,0,0,0,0,0
2017-11-17 00:00:00,0,0,0,0,0,0,0,0,0,0,0
2017-11-20 00:00:00,0,0,0,0,0,0,0,0,0,0,0
2017-11-21 00:00:00,0,0,0,0,0,0,0,0,0,0,0
2017-11-22 00:00:00,0,0,0,0,0,0,0,0,0,0,0
2017-11-23 00:00:00,0,0,0,0,0,0,0,0,0,0,0
2017-11-24 00:00:00,0,0,0,0,0,0,0,0,0,0,0
2017-11-27 00:00:00,0,0,0,0,0,0,0,0,0,0,0
2017-11-28 00:00:00,0,0,0,0,0,0,0,0,0,0,0
2017-11-29 00:00:00,0,0,0,0,0,0,0,0,0,0,0
2017-11-30 00:00:00,0,0,0,0,0,0,0,0,0,0,0
2017-12-01 00:00:00,0,0,0,0,0,0,0,0,0,0,0
2017-12-04 00:00:00,0,0,0,0,0,0,0,0,0,0,0
2017-12-05 00:00:00,0,0,0,0,0,0,0,0,0,0,0
2017-12-06 00:00:00,0,0,0,0,0,0,0,0,0,0,0
2017-12-07 00:00:00,0,0,0,0,0,0,0,0,0,0,0
2017-12-08 00:00:00,0,0,0,0,0,0,0,0,0,0,0
2017-12-11 00:00:00,1,1.0,0.1,0.1,0.1,0.21,0.21,0.28,0.28,0.28,0.21
2017-12-12 00:00:00,0,0,0,0,0,0,0,0,0,0,0
2017-12-13 00:00:00,0,0,0,0,0,0,0,0,0,0,0
2017-12-14 00:00:00,0,0,0,0,0,0,0,0,0,0,0
2017-12-15 00:00:00,0,0,0,0,0,0,0,0,0,0,0
2017-12-18 00:00:00,0,0,0,0,0,0,0,0,0,0,0
2017-12-19 00:00:00,0,0,0,0,0,0,0,0,0,0,0
2017-12-20 00:00:00,0,0,0,0,0,0,0,0,0,0,0
2017-12-21 00:00:00,0,0,0,0,0,0,0,0,0,0,0
2017-12-22 00:00:00,0,0,0,0,0,0,0,0,0,0,0
2017-12-25 00:00:00,0,0,0,0,0,0,0,0,0,0,0
2017-12-26 00:00:00,0,0,0,0,0,0,0,0,0,0,0
2017-12-27 00:00:00,0,0,0,0,0,0,0,0,0,0,0
2017-12-28 00:00:00,0,0,0,0,0,0,0,0,0,0,0
2017-12-29 00:00:00,0,0,0,0,0,0,0,0,0,0,0
2018-01-02 00:00:00,0,0,0,0,0,0,0,0,0,0,0
2018-01-03 00:00:00,0,0,0,0,0,0,0,0,0,0,0
2018-01-04 00:00:00,0,0,0,0,0,0,0,0,0,0,0
2018-01-05 00:00:00,0,0,0,0,0,0,0,0,0,0,0
2018-01-08 00:00:00,0,0,0,0,0,0,0,0,0,0,0
2018-01-09 00:00:00,0,0,0,0,0,0,0,0,0,0,0
2018-01-10 00:00:00,0,0,0,0,0,0,0,0,0,0,0
2018-01-11 00:00:00,0,0,0,0,0,0,0,0,0,0,0
2018-01-12 00:00:00,0,0,0,0,0,0,0,0,0,0,0
2018-01-15 00:00:00,0,0,0,0,0,0,0,0,0,0,0
2018-01-16 00:00:00,0,0,0,0,0,0,0,0,0,0,0
2018-01-17 00:00:00,0,0,0,0,0,0,0,0,0,0,0
2018-01-18 00:00:00,0,0,0,0,0,0,0,0,0,0,0
2018-01-19 00:00:00,0,0,0,0,0,0,0,0,0,0,0
2018-01-22 00:00:00,0,0,0,0,0,0,0,0,0,0,0
2018-01-23 00:00:00,0,0,0,0,0,0,0,0,0,0,0
2018-01-24 00:00:00,0,0,0,0,0,0,0,0,0,0,0
2018-01-25 00:00:00,1,1.0,-0.05,-0.05,0,-0.07,-0.07,0,-0.09,-0.09,0
2018-01-26 00:00:00,1,1.0,0.1,0.1,0.1,-0.01,-0.01,0,-0.03,-0.03,0
2018-01-29 00:00:00,0,0,0,0,0,0,0,0,0,0,0
2018-01-30 00:00:00,0,0,0,0,0,0,0,0,0,0,0
2018-01-31 00:00:00,0,0,0,0,0,0,0,0,0,0,0
2018-02-01 00:00:00,0,0,0,0,0,0,0,0,0,0,0
2018-02-02 00:00:00,0,0,0,0,0,0,0,0,0,0,0
2018-02-05 00:00:00,0,0,0,0,0,0,0,0,0,0,0
2018-02-06 00:00:00,0,0,0,0,0,0,0,0,0,0,0
2018-02-07 00:00:00,0,0,0,0,0,0,0,0,0,0,0
2018-02-08 00:00:00,0,0,0,0,0,0,0,0,0,0,0
2018-02-09 00:00:00,0,0,0,0,0,0,0,0,0,0,0
2018-02-12 00:00:00,1,0.0,0.1,0.1,0.1,0.21,0.21,0.33,0.33,0.33,0.21
2018-02-13 00:00:00,0,0,0,0,0,0,0,0,0,0,0
2018-02-14 00:00:00,0,0,0,0,0,0,0,0,0,0,0
2018-02-22 00:00:00,2,0.0,-0.05,-0.05,0,-0.11,-0.11,0,-0.11,-0.11,0
2018-02-23 00:00:00,0,0,0,0,0,0,0,0,0,0,0
2018-02-26 00:00:00,1,0.0,-0.02,-0.02,0,-0.06,-0.06,0,-0.03,-0.03,0
2018-02-27 00:00:00,0,0,0,0,0,0,0,0,0,0,0
2018-02-28 00:00:00,0,0,0,0,0,0,0,0,0,0,0
2018-03-01 00:00:00,1,0.0,0.1,0.1,0.1,0.15,0.15,0.15,0.14,0.14,0.15
2018-03-02 00:00:00,1,0.0,0.05,0.05,0.05,0.08,0.08,0.08,0.05,0.05,0.08
2018-03-05 00:00:00,1,0.0,0.1,0.1,0.1,0.11,0.11,0.11,0.09,0.09,0.11
2018-03-06 00:00:00,1,0.0,0.05,0.05,0.05,0.01,0.01,0.02,0.02,0.02,0.01
2018-03-07 00:00:00,0,0,0,0,0,0,0,0,0,0,0
2018-03-08 00:00:00,1,1.0,-0.03,-0.03,0,-0.02,-0.02,0,-0.03,-0.03,0
2018-03-09 00:00:00,0,0,0,0,0,0,0,0,0,0,0
2018-03-12 00:00:00,0,0,0,0,0,0,0,0,0,0,0
2018-03-13 00:00:00,1,0.0,0.03,0.03,0.03,0.04,0.04,0.04,0.01,0.01,0.04
2018-03-14 00:00:00,1,0.0,0.01,0.01,0.01,-0.02,-0.02,0,-0.08,-0.08,0
2018-03-15 00:00:00,4,0.0,-0.0,-0.06,0.1,-0.0,-0.08,0.3,0.06,-0.11,0.3
2018-03-16 00:00:00,0,0,0,0,0,0,0,0,0,0,0
2018-03-19 00:00:00,0,0,0,0,0,0,0,0,0,0,0
2018-03-20 00:00:00,0,0,0,0,0,0,0,0,0,0,0
2018-03-21 00:00:00,0,0,0,0,0,0,0,0,0,0,0
2018-03-22 00:00:00,0,0,0,0,0,0,0,0,0,0,0
2018-03-23 00:00:00,0,0,0,0,0,0,0,0,0,0,0
2018-03-26 00:00:00,0,0,0,0,0,0,0,0,0,0,0
2018-03-27 00:00:00,1,0.0,-0.08,-0.08,0,-0.1,-0.1,0,-0.06,-0.06,0
2018-03-28 00:00:00,4,0.25,0.04,0.01,0.05,0.05,0.03,0.06,-0.04,-0.06,0.06
2018-03-29 00:00:00,0,0,0,0,0,0,0,0,0,0,0
2018-03-30 00:00:00,1,0.0,0.02,0.02,0.02,0.02,0.02,0.02,0.0,0.0,0.02
2018-04-02 00:00:00,1,1.0,-0.05,-0.05,0,-0.02,-0.02,0,-0.04,-0.04,0
2018-04-03 00:00:00,1,1.0,-0.01,-0.01,0,0.04,0.04,0.09,0.09,0.09,0.04
2018-04-04 00:00:00,0,0,0,0,0,0,0,0,0,0,0
2018-04-09 00:00:00,1,0.0,0.0,0.0,0,-0.06,-0.06,0,-0.09,-0.09,0
2018-04-10 00:00:00,1,1.0,-0.07,-0.07,0,-0.12,-0.12,0,-0.17,-0.17,0
2018-04-11 00:00:00,2,0.5,0.05,-0.01,0.1,0.06,-0.06,0.17,0.0,-0.06,0.17
2018-04-12 00:00:00,1,1.0,-0.08,-0.08,0,-0.05,-0.05,0,-0.1,-0.1,0
2018-04-13 00:00:00,0,0,0,0,0,0,0,0,0,0,0
2018-04-16 00:00:00,1,1.0,0.1,0.1,0.1,0.02,0.02,0.12,0.12,0.12,0.02
2018-04-17 00:00:00,0,0,0,0,0,0,0,0,0,0,0
2018-04-18 00:00:00,0,0,0,0,0,0,0,0,0,0,0
2018-04-19 00:00:00,0,0,0,0,0,0,0,0,0,0,0
2018-04-20 00:00:00,0,0,0,0,0,0,0,0,0,0,0
2018-04-23 00:00:00,0,0,0,0,0,0,0,0,0,0,0
2018-04-24 00:00:00,1,1.0,-0.1,-0.1,0,-0.14,-0.14,0,-0.12,-0.12,0
2018-04-25 00:00:00,1,0.0,0.01,0.01,0.01,0.11,0.11,0.11,0.09,0.09,0.11
2018-04-26 00:00:00,0,0,0,0,0,0,0,0,0,0,0
2018-04-27 00:00:00,1,0.0,0.1,0.1,0.1,0.06,0.06,0.06,-0.03,-0.03,0.06
2018-05-02 00:00:00,1,0.0,0.08,0.08,0.08,-0.03,-0.03,0,-0.1,-0.1,0
2018-05-03 00:00:00,2,0.0,-0.1,-0.1,0,-0.17,-0.19,0,-0.15,-0.17,0
2018-05-04 00:00:00,1,1.0,-0.1,-0.1,0,-0.11,-0.11,0,-0.1,-0.1,0
2018-05-07 00:00:00,0,0,0,0,0,0,0,0,0,0,0
2018-05-08 00:00:00,0,0,0,0,0,0,0,0,0,0,0
2018-05-09 00:00:00,2,1.0,-0.02,-0.05,0.02,-0.05,-0.07,0,-0.05,-0.07,0
2018-05-10 00:00:00,1,0.0,0.1,0.1,0.1,0.0,-0.0,0,-0.02,-0.02,0
2018-05-11 00:00:00,1,0.0,-0.03,-0.03,0,-0.09,-0.09,0,-0.14,-0.14,0
2018-05-14 00:00:00,0,0,0,0,0,0,0,0,0,0,0
2018-05-15 00:00:00,1,0.0,0.04,0.04,0.04,-0.06,-0.06,0.03,0.03,0.03,0
2018-05-16 00:00:00,0,0,0,0,0,0,0,0,0,0,0
2018-05-17 00:00:00,0,0,0,0,0,0,0,0,0,0,0
2018-05-18 00:00:00,1,0.0,0.1,0.1,0.1,0.21,0.21,0.33,0.33,0.33,0.21
2018-05-21 00:00:00,1,0.0,-0.08,-0.08,0,-0.11,-0.11,0,-0.06,-0.06,0
2018-05-22 00:00:00,0,0,0,0,0,0,0,0,0,0,0
2018-05-23 00:00:00,0,0,0,0,0,0,0,0,0,0,0
2018-05-24 00:00:00,1,0.0,-0.02,-0.02,0,-0.09,-0.09,0,-0.09,-0.09,0
2018-05-25 00:00:00,0,0,0,0,0,0,0,0,0,0,0
2018-05-28 00:00:00,0,0,0,0,0,0,0,0,0,0,0
2018-05-29 00:00:00,3,0.33,-0.02,-0.07,0.03,-0.11,-0.16,0,-0.16,-0.17,0
2018-05-30 00:00:00,2,0.0,-0.08,-0.09,0,-0.16,-0.16,0,-0.23,-0.24,0
2018-05-31 00:00:00,1,0.0,-0.07,-0.07,0,-0.05,-0.05,0,-0.07,-0.07,0
2018-06-01 00:00:00,1,0.0,-0.1,-0.1,0,-0.06,-0.06,0,-0.16,-0.16,0
2018-06-04 00:00:00,0,0,0,0,0,0,0,0,0,0,0
2018-06-05 00:00:00,3,0.0,0.04,-0.06,0.1,-0.07,-0.16,0,-0.1,-0.15,0
2018-06-06 00:00:00,1,1.0,-0.1,-0.1,0,-0.11,-0.11,0,-0.1,-0.1,0
2018-06-07 00:00:00,1,1.0,0.1,0.1,0.1,0.21,0.21,0.21,0.15,0.15,0.21
2018-06-08 00:00:00,0,0,0,0,0,0,0,0,0,0,0
2018-06-11 00:00:00,1,0.0,0.1,0.1,0.1,0.21,0.21,0.21,0.09,0.09,0.21
2018-06-12 00:00:00,1,1.0,-0.1,-0.1,0,-0.06,-0.06,0,-0.12,-0.12,0
2018-06-13 00:00:00,0,0,0,0,0,0,0,0,0,0,0
2018-06-14 00:00:00,1,0.0,0.07,0.07,0.07,-0.04,-0.04,0,-0.13,-0.13,0
2018-06-15 00:00:00,0,0,0,0,0,0,0,0,0,0,0
2018-06-19 00:00:00,2,0.0,0.1,0.1,0.1,0.1,-0.01,0.21,-0.01,-0.11,0.21
2018-06-20 00:00:00,2,0.5,-0.02,-0.1,0.06,-0.12,-0.19,0,-0.11,-0.2,0
2018-06-21 00:00:00,1,0.0,0.1,0.1,0.1,0.21,0.21,0.21,0.09,0.09,0.21
2018-06-22 00:00:00,1,0.0,0.01,0.01,0.01,-0.09,-0.09,0,-0.15,-0.15,0
2018-06-25 00:00:00,0,0,0,0,0,0,0,0,0,0,0
2018-06-26 00:00:00,1,1.0,0.1,0.1,0.1,0.21,0.21,0.21,0.09,0.09,0.21
2018-06-27 00:00:00,2,0.0,0.08,0.05,0.1,0.09,0.03,0.27,0.13,-0.01,0.27
2018-06-28 00:00:00,3,1.0,-0.03,-0.08,0.01,-0.0,-0.04,0.11,0.02,-0.04,0.11
2018-06-29 00:00:00,4,1.0,-0.01,-0.06,0.04,-0.0,-0.06,0.14,0.04,-0.06,0.14
2018-07-02 00:00:00,2,0.0,0.1,0.1,0.1,0.18,0.15,0.26,0.26,0.25,0.26
2018-07-03 00:00:00,1,0.0,0.1,0.1,0.1,0.12,0.12,0.12,0.05,0.05,0.12
2018-07-04 00:00:00,2,0.0,0.1,0.1,0.1,0.17,0.15,0.21,0.13,0.04,0.21
2018-07-05 00:00:00,4,0.25,0.07,0.03,0.1,0.02,-0.07,0.21,-0.06,-0.14,0.21
2018-07-06 00:00:00,3,0.0,-0.04,-0.1,0.07,-0.14,-0.19,0.06,-0.12,-0.23,0
2018-07-09 00:00:00,0,0,0,0,0,0,0,0,0,0,0
2018-07-10 00:00:00,2,0.5,0.07,0.04,0.1,0.03,-0.0,0.05,-0.03,-0.04,0.05
2018-07-11 00:00:00,1,0.0,0.1,0.1,0.1,0.21,0.21,0.21,0.09,0.09,0.21
2018-07-12 00:00:00,1,0.0,0.1,0.1,0.1,0.02,0.02,0.02,-0.02,-0.02,0.02
2018-07-13 00:00:00,3,0.0,0.1,0.1,0.1,0.13,0.04,0.33,0.12,-0.06,0.21
2018-07-16 00:00:00,1,1.0,0.07,0.07,0.07,-0.04,-0.04,0,-0.07,-0.07,0
2018-07-17 00:00:00,4,0.5,0.08,0.04,0.1,0.02,-0.05,0.15,-0.03,-0.08,0.15
2018-07-18 00:00:00,1,0.0,0.03,0.03,0.03,0.13,0.13,0.13,0.08,0.08,0.13
2018-07-19 00:00:00,4,0.25,0.02,-0.05,0.1,0.04,-0.13,0.33,0.04,-0.08,0.21
2018-07-20 00:00:00,4,1.0,-0.07,-0.09,0,-0.07,-0.12,0.05,-0.07,-0.12,0.05
2018-07-23 00:00:00,2,0.5,-0.01,-0.04,0.03,-0.03,-0.05,0,-0.05,-0.06,0
2018-07-24 00:00:00,4,0.5,0.0,-0.07,0.1,0.03,-0.12,0.33,0.05,-0.13,0.21
2018-07-25 00:00:00,2,0.0,-0.04,-0.1,0.03,-0.01,-0.12,0.1,-0.06,-0.1,0.1
2018-07-26 00:00:00,2,0.5,0.1,0.1,0.1,0.12,0.03,0.33,0.15,-0.04,0.33
2018-07-27 00:00:00,7,0.57,0.01,-0.06,0.1,0.05,-0.1,0.33,0.07,-0.12,0.33
2018-07-30 00:00:00,5,0.0,0.06,-0.02,0.1,0.05,-0.11,0.33,0.01,-0.15,0.33
2018-07-31 00:00:00,3,0.0,-0.03,-0.09,0.1,-0.1,-0.16,0,-0.14,-0.17,0
2018-08-01 00:00:00,8,0.5,-0.01,-0.1,0.1,-0.06,-0.19,0.21,-0.05,-0.19,0.21
2018-08-02 00:00:00,3,1.0,-0.01,-0.1,0.1,0.02,-0.14,0.21,-0.02,-0.19,0.21
2018-08-03 00:00:00,2,0.5,0.04,-0.03,0.1,-0.01,-0.09,0.06,-0.07,-0.1,0.06
2018-08-06 00:00:00,2,0.0,-0.1,-0.1,0,-0.18,-0.19,0,-0.17,-0.21,0
2018-08-07 00:00:00,0,0,0,0,0,0,0,0,0,0,0
2018-08-08 00:00:00,4,0.5,-0.04,-0.1,0.1,-0.03,-0.1,0.11,-0.05,-0.13,0.11
2018-08-09 00:00:00,1,0.0,0.1,0.1,0.1,0.21,0.21,0.28,0.28,0.28,0.21
2018-08-10 00:00:00,3,0.0,0.01,-0.04,0.1,0.05,-0.03,0.33,0.04,-0.11,0.33
2018-08-13 00:00:00,3,0.33,-0.02,-0.04,0.01,-0.08,-0.1,0,-0.1,-0.12,0
2018-08-14 00:00:00,2,0.0,0.0,-0.1,0.1,0.03,-0.15,0.21,-0.02,-0.14,0.21
2018-08-15 00:00:00,3,0.67,-0.05,-0.06,0,-0.08,-0.11,0,-0.11,-0.12,0
2018-08-16 00:00:00,3,0.0,-0.06,-0.09,0,-0.08,-0.11,0.01,-0.09,-0.18,0
2018-08-17 00:00:00,3,0.33,-0.02,-0.1,0.1,-0.05,-0.15,0.01,-0.12,-0.21,0.01
2018-08-20 00:00:00,1,0.0,-0.08,-0.08,0,-0.13,-0.13,0,-0.11,-0.11,0
2018-08-21 00:00:00,2,0.5,0.0,-0.1,0.1,-0.09,-0.16,0,-0.07,-0.08,0
2018-08-22 00:00:00,0,0,0,0,0,0,0,0,0,0,0
2018-08-23 00:00:00,1,0.0,0.02,0.02,0.02,-0.08,-0.08,0,-0.08,-0.08,0
2018-08-24 00:00:00,1,0.0,-0.08,-0.08,0,-0.05,-0.05,0,-0.11,-0.11,0
2018-08-27 00:00:00,3,0.67,0.05,-0.04,0.1,0.07,-0.06,0.22,0.11,-0.04,0.22
2018-08-28 00:00:00,0,0,0,0,0,0,0,0,0,0,0
2018-08-29 00:00:00,2,0.5,0.04,-0.02,0.1,-0.04,-0.07,0,-0.06,-0.06,0
2018-08-30 00:00:00,1,0.0,-0.02,-0.02,0,0.03,0.03,0.03,-0.05,-0.05,0.03
2018-08-31 00:00:00,1,1.0,-0.1,-0.1,0,-0.14,-0.14,0,-0.15,-0.15,0
2018-09-03 00:00:00,2,1.0,-0.04,-0.06,0,-0.07,-0.08,0.04,-0.04,-0.13,0.04
2018-09-04 00:00:00,1,1.0,-0.1,-0.1,0,-0.13,-0.13,0,-0.13,-0.13,0
2018-09-05 00:00:00,1,0.0,-0.02,-0.02,0,0.08,0.08,0.19,0.19,0.19,0.08
2018-09-06 00:00:00,1,0.0,0.1,0.1,0.1,0.05,0.05,0.16,0.16,0.16,0.05
2018-09-07 00:00:00,2,0.5,-0.07,-0.08,0,-0.06,-0.06,0,-0.08,-0.09,0
2018-09-10 00:00:00,3,0.33,0.01,-0.08,0.1,0.06,-0.12,0.21,-0.01,-0.16,0.21
2018-09-11 00:00:00,0,0,0,0,0,0,0,0,0,0,0
2018-09-12 00:00:00,3,0.0,-0.1,-0.1,0,-0.08,-0.15,0.09,-0.08,-0.2,0.09
2018-09-13 00:00:00,2,0.5,-0.04,-0.05,0,-0.08,-0.08,0.02,-0.02,-0.05,0.02
2018-09-14 00:00:00,1,0.0,0.1,0.1,0.1,0.15,0.15,0.15,0.08,0.08,0.15
2018-09-17 00:00:00,2,0.5,-0.07,-0.1,0,-0.06,-0.06,0.04,-0.05,-0.14,0
2018-09-18 00:00:00,3,0.0,0.07,0.01,0.1,0.08,-0.01,0.33,0.13,-0.07,0.21
2018-09-19 00:00:00,2,0.5,0.01,-0.08,0.1,0.08,-0.05,0.33,0.16,-0.01,0.33
2018-09-20 00:00:00,3,0.0,0.04,-0.01,0.1,0.12,0.01,0.33,0.13,0.03,0.33
2018-09-21 00:00:00,1,0.0,0.1,0.1,0.1,0.21,0.21,0.33,0.33,0.33,0.21
2018-09-25 00:00:00,5,0.0,0.04,-0.07,0.1,-0.0,-0.13,0.33,-0.01,-0.13,0.33
2018-09-26 00:00:00,4,0.25,0.0,-0.1,0.1,0.02,-0.17,0.33,0.08,-0.18,0.33
2018-09-27 00:00:00,2,1.0,0.04,0.04,0.04,0.02,0.02,0.02,-0.03,-0.03,0.02
2018-09-28 00:00:00,2,0.0,0.08,0.05,0.1,-0.03,-0.05,0.01,-0.05,-0.1,0
2018-10-08 00:00:00,1,0.0,0.1,0.1,0.1,0.05,0.05,0.11,0.11,0.11,0.05
2018-10-09 00:00:00,3,0.67,0.04,-0.04,0.1,-0.05,-0.12,0.03,-0.07,-0.12,0.03
2018-10-10 00:00:00,0,0,0,0,0,0,0,0,0,0,0
2018-10-11 00:00:00,3,0.33,0.09,0.07,0.1,0.1,-0.01,0.24,0.04,-0.11,0.24
2018-10-12 00:00:00,0,0,0,0,0,0,0,0,0,0,0
2018-10-15 00:00:00,2,0.5,-0.07,-0.1,0,-0.1,-0.1,0,-0.14,-0.17,0
2018-10-16 00:00:00,4,0.5,0.01,-0.07,0.1,0.04,-0.09,0.22,0.09,-0.07,0.22
2018-10-17 00:00:00,1,0.0,-0.08,-0.08,0,-0.15,-0.15,0,-0.17,-0.17,0
2018-10-18 00:00:00,2,0.5,-0.1,-0.1,0,-0.08,-0.15,0,-0.15,-0.23,0
2018-10-19 00:00:00,2,0.0,0.1,0.1,0.1,0.08,-0.0,0.16,0.1,0.1,0.16
2018-10-22 00:00:00,1,0.0,-0.1,-0.1,0,-0.06,-0.06,0,-0.02,-0.02,0
2018-10-23 00:00:00,1,1.0,-0.05,-0.05,0,-0.01,-0.01,0.01,0.01,0.01,0
2018-10-24 00:00:00,3,0.33,0.08,0.03,0.1,0.13,-0.02,0.33,0.13,-0.05,0.21
2018-10-25 00:00:00,3,0.0,0.07,0.01,0.1,0.04,-0.04,0.1,-0.03,-0.06,0.1
2018-10-26 00:00:00,7,0.43,0.0,-0.1,0.1,-0.03,-0.16,0.08,-0.08,-0.2,0.08
2018-10-29 00:00:00,14,0.36,0.01,-0.1,0.1,0.0,-0.12,0.33,-0.02,-0.17,0.21
2018-10-30 00:00:00,3,0.0,-0.07,-0.09,0,-0.09,-0.09,0,-0.09,-0.11,0
2018-10-31 00:00:00,1,1.0,-0.1,-0.1,0,-0.08,-0.08,0,-0.08,-0.08,0
2018-11-01 00:00:00,1,0.0,-0.02,-0.02,0,-0.06,-0.06,0,-0.08,-0.08,0
2018-11-02 00:00:00,4,0.0,0.08,-0.0,0.1,0.06,-0.05,0.17,0.06,-0.05,0.17
2018-11-05 00:00:00,5,0.2,-0.03,-0.09,0.1,-0.02,-0.08,0.11,-0.02,-0.08,0.11
2018-11-06 00:00:00,5,0.2,0.06,-0.01,0.1,0.13,0.04,0.21,0.06,-0.05,0.21
2018-11-07 00:00:00,5,0.0,0.03,-0.05,0.1,-0.04,-0.14,0.13,0.03,-0.1,0.13
2018-11-08 00:00:00,5,0.4,-0.07,-0.1,0,-0.06,-0.13,0,-0.09,-0.15,0
2018-11-09 00:00:00,2,0.5,0.04,-0.03,0.1,0.11,0.01,0.33,0.14,-0.05,0.33
2018-11-12 00:00:00,22,0.36,0.05,-0.1,0.1,0.08,-0.19,0.33,0.1,-0.24,0.33
2018-11-13 00:00:00,4,0.0,-0.01,-0.07,0.1,0.01,-0.04,0.07,0.0,-0.03,0.07
2018-11-14 00:00:00,1,0.0,0.1,0.1,0.1,0.21,0.21,0.21,0.11,0.11,0.21
2018-11-15 00:00:00,7,0.14,0.06,-0.03,0.1,0.07,-0.07,0.33,0.1,-0.07,0.33
2018-11-16 00:00:00,9,0.22,-0.02,-0.07,0.1,-0.01,-0.07,0.33,0.04,-0.05,0.21
2018-11-19 00:00:00,13,0.31,0.03,-0.06,0.1,0.03,-0.06,0.33,0.02,-0.12,0.33
2018-11-20 00:00:00,4,0.25,0.04,-0.04,0.1,0.06,-0.03,0.21,0.04,-0.01,0.21
2018-11-21 00:00:00,6,0.33,0.05,-0.04,0.1,0.05,-0.09,0.21,0.01,-0.08,0.21
2018-11-22 00:00:00,13,0.23,-0.03,-0.1,0.1,-0.04,-0.14,0.19,-0.03,-0.15,0.19
2018-11-23 00:00:00,5,0.4,-0.03,-0.1,0.05,-0.06,-0.15,0.14,-0.14,-0.22,0.14
2018-11-26 00:00:00,3,0.33,0.01,-0.05,0.1,-0.01,-0.12,0.12,-0.06,-0.21,0.12
2018-11-27 00:00:00,3,0.67,-0.03,-0.1,0.1,-0.12,-0.19,0.09,-0.06,-0.19,0
2018-11-28 00:00:00,2,0.5,-0.1,-0.1,0,-0.1,-0.12,0,-0.15,-0.16,0
2018-11-29 00:00:00,3,0.67,-0.02,-0.05,0,-0.1,-0.14,0,-0.15,-0.21,0
2018-11-30 00:00:00,0,0,0,0,0,0,0,0,0,0,0
2018-12-03 00:00:00,6,0.33,-0.01,-0.1,0.1,-0.06,-0.17,0.33,-0.02,-0.16,0.33
2018-12-04 00:00:00,1,1.0,0.05,0.05,0.05,0.11,0.11,0.11,0.06,0.06,0.11
2018-12-05 00:00:00,2,0.0,0.04,0.03,0.05,0.02,-0.0,0.04,-0.07,-0.07,0.04
2018-12-06 00:00:00,0,0,0,0,0,0,0,0,0,0,0
2018-12-07 00:00:00,8,0.13,-0.0,-0.1,0.1,-0.06,-0.19,0.21,-0.09,-0.21,0.21
2018-12-10 00:00:00,2,0.5,-0.1,-0.1,0,-0.15,-0.16,0,-0.17,-0.17,0
2018-12-11 00:00:00,2,1.0,-0.1,-0.1,0,-0.14,-0.14,0,-0.14,-0.14,0
2018-12-12 00:00:00,1,0.0,-0.1,-0.1,0,-0.07,-0.07,0,-0.15,-0.15,0
2018-12-13 00:00:00,0,0,0,0,0,0,0,0,0,0,0
2018-12-14 00:00:00,2,0.0,-0.06,-0.07,0,-0.06,-0.1,0,-0.12,-0.19,0
2018-12-17 00:00:00,1,0.0,0.1,0.1,0.1,0.21,0.21,0.33,0.33,0.33,0.21
2018-12-18 00:00:00,1,1.0,-0.1,-0.1,0,-0.15,-0.15,0,-0.18,-0.18,0
2018-12-19 00:00:00,0,0,0,0,0,0,0,0,0,0,0
2018-12-20 00:00:00,0,0,0,0,0,0,0,0,0,0,0
2018-12-21 00:00:00,1,0.0,0.04,0.04,0.04,0.1,0.1,0.1,-0.01,-0.01,0.1
2018-12-24 00:00:00,0,0,0,0,0,0,0,0,0,0,0
2018-12-25 00:00:00,1,0.0,0.1,0.1,0.1,0.21,0.21,0.33,0.33,0.33,0.21
2018-12-26 00:00:00,1,1.0,-0.01,-0.01,0,0.09,0.09,0.09,0.03,0.03,0.09
2018-12-27 00:00:00,1,0.0,-0.05,-0.05,0,-0.07,-0.07,0,-0.12,-0.12,0
2018-12-28 00:00:00,2,0.0,-0.05,-0.07,0,-0.09,-0.15,0,-0.12,-0.19,0
2019-01-02 00:00:00,3,0.0,0.08,0.05,0.1,0.14,0.07,0.33,0.2,0.13,0.33
2019-01-03 00:00:00,1,1.0,-0.09,-0.09,0,-0.05,-0.05,0.05,0.05,0.05,0
2019-01-04 00:00:00,1,0.0,0.1,0.1,0.1,0.21,0.21,0.33,0.33,0.33,0.21
2019-01-07 00:00:00,2,0.5,0.0,-0.1,0.1,-0.03,-0.12,0.16,0.03,-0.1,0.16
2019-01-08 00:00:00,2,0.0,0.1,0.1,0.1,0.21,0.21,0.33,0.33,0.33,0.33
2019-01-09 00:00:00,6,0.17,0.07,-0.02,0.1,0.07,-0.07,0.21,0.03,-0.08,0.21
2019-01-10 00:00:00,8,0.25,0.01,-0.05,0.1,-0.02,-0.08,0.05,-0.05,-0.1,0.05
2019-01-11 00:00:00,6,0.5,0.04,-0.04,0.1,0.02,-0.13,0.33,0.06,-0.12,0.33
2019-01-14 00:00:00,6,0.0,-0.01,-0.1,0.1,-0.03,-0.14,0.21,-0.03,-0.15,0.21
2019-01-15 00:00:00,5,0.6,-0.05,-0.09,0.04,-0.05,-0.14,0.14,-0.06,-0.14,0.14
2019-01-16 00:00:00,5,0.8,0.0,-0.08,0.1,-0.05,-0.09,0.02,-0.06,-0.13,0.02
2019-01-17 00:00:00,10,0.6,-0.0,-0.07,0.1,-0.0,-0.09,0.24,0.01,-0.11,0.24
2019-01-18 00:00:00,2,1.0,0.04,0.01,0.08,0.01,-0.06,0.07,-0.05,-0.1,0.07
2019-01-21 00:00:00,2,0.0,-0.02,-0.07,0.04,-0.04,-0.07,0,-0.1,-0.13,0
2019-01-22 00:00:00,1,0.0,-0.07,-0.07,0,-0.09,-0.09,0,-0.11,-0.11,0
2019-01-23 00:00:00,4,0.5,0.01,-0.07,0.1,-0.0,-0.1,0.14,0.0,-0.17,0.12
2019-01-24 00:00:00,3,0.0,0.03,-0.04,0.1,0.12,0.06,0.33,0.14,-0.02,0.21
2019-01-25 00:00:00,3,0.33,0.08,0.04,0.1,0.15,0.09,0.21,0.08,0.04,0.21
2019-01-28 00:00:00,5,0.2,0.03,-0.02,0.1,0.07,-0.1,0.21,0.08,-0.05,0.21
2019-01-29 00:00:00,3,0.33,0.0,-0.1,0.07,-0.05,-0.19,0.12,-0.06,-0.17,0.09
2019-01-30 00:00:00,5,0.2,-0.06,-0.1,0.04,-0.06,-0.19,0.12,-0.12,-0.27,0.12
2019-01-31 00:00:00,5,0.4,-0.02,-0.1,0.1,-0.01,-0.17,0.21,-0.05,-0.24,0.21
2019-02-01 00:00:00,2,0.0,-0.03,-0.1,0.04,-0.05,-0.19,0.12,-0.03,-0.17,0.09
2019-02-11 00:00:00,3,0.67,0.0,-0.1,0.06,0.0,-0.12,0.12,0.04,-0.07,0.12
2019-02-12 00:00:00,1,0.0,0.04,0.04,0.04,0.09,0.09,0.12,0.12,0.12,0.09
2019-02-13 00:00:00,2,0.0,0.07,0.04,0.1,0.15,0.09,0.33,0.23,0.12,0.21
2019-02-14 00:00:00,2,0.0,0.06,0.01,0.1,0.06,0.03,0.2,0.12,0.04,0.2
2019-02-15 00:00:00,3,0.67,0.0,-0.03,0.04,-0.01,-0.05,0.05,0.0,-0.06,0.05
2019-02-18 00:00:00,4,0.0,0.07,-0.02,0.1,0.13,-0.03,0.33,0.23,0.02,0.33
2019-02-19 00:00:00,15,0.27,0.06,-0.03,0.1,0.11,-0.02,0.33,0.14,0.02,0.33
2019-02-20 00:00:00,2,1.0,0.06,0.01,0.1,0.07,-0.01,0.14,0.03,-0.04,0.14
2019-02-21 00:00:00,6,0.5,0.04,-0.04,0.1,0.05,-0.1,0.33,0.06,-0.11,0.33
2019-02-22 00:00:00,10,0.4,0.01,-0.07,0.1,-0.02,-0.1,0.33,-0.01,-0.08,0.33
2019-02-25 00:00:00,7,0.57,0.05,-0.05,0.1,0.09,-0.08,0.33,0.16,-0.06,0.33
2019-02-26 00:00:00,8,0.25,0.03,-0.04,0.1,0.11,-0.03,0.26,0.08,-0.05,0.26
2019-02-27 00:00:00,2,0.0,0.1,0.1,0.1,0.13,0.04,0.27,0.1,-0.07,0.27
2019-02-28 00:00:00,13,0.08,0.02,-0.1,0.1,-0.01,-0.19,0.21,-0.05,-0.25,0.21
2019-03-01 00:00:00,37,0.51,0.02,-0.1,0.1,-0.04,-0.19,0.23,0.0,-0.13,0.23
2019-03-04 00:00:00,12,0.75,-0.03,-0.09,0.06,0.0,-0.06,0.22,0.05,-0.02,0.22
2019-03-05 00:00:00,3,0.67,0.08,0.03,0.1,0.1,0.09,0.24,0.14,0.09,0.24
2019-03-06 00:00:00,0,0,0,0,0,0,0,0,0,0,0
2019-03-07 00:00:00,7,0.0,0.1,0.1,0.1,0.21,0.21,0.33,0.32,0.23,0.33
2019-03-08 00:00:00,18,0.17,0.07,0.0,0.1,0.14,-0.0,0.33,0.09,-0.1,0.33
2019-03-11 00:00:00,26,0.12,0.08,-0.03,0.1,0.08,-0.11,0.33,0.07,-0.09,0.33
2019-03-12 00:00:00,25,0.2,-0.04,-0.1,0.1,-0.04,-0.19,0.27,-0.01,-0.15,0.27
2019-03-13 00:00:00,15,0.6,0.02,-0.06,0.1,0.08,-0.05,0.27,0.05,-0.37,0.27
2019-03-14 00:00:00,9,0.44,0.08,-0.0,0.1,0.04,-0.05,0.21,-0.01,-0.11,0.21
2019-03-15 00:00:00,10,0.4,0.02,-0.1,0.1,-0.05,-0.16,0.1,-0.07,-0.2,0.1
2019-03-18 00:00:00,18,0.44,-0.03,-0.1,0.1,-0.01,-0.17,0.33,0.0,-0.17,0.33
2019-03-19 00:00:00,3,0.0,0.05,-0.06,0.1,0.0,-0.11,0.17,0.02,-0.07,0.17
2019-03-20 00:00:00,1,1.0,-0.09,-0.09,0,-0.11,-0.11,0,-0.13,-0.13,0
2019-03-21 00:00:00,3,0.0,0.06,-0.02,0.1,0.17,0.08,0.33,0.18,0.05,0.21
2019-03-22 00:00:00,4,0.0,0.1,0.1,0.1,0.14,0.03,0.33,0.19,0.01,0.33
2019-03-25 00:00:00,7,0.14,0.05,-0.04,0.1,0.07,-0.0,0.25,0.04,-0.09,0.25
2019-03-26 00:00:00,10,0.1,0.04,-0.07,0.1,-0.01,-0.14,0.21,-0.07,-0.18,0.21
2019-03-27 00:00:00,7,0.29,-0.01,-0.1,0.1,-0.05,-0.14,0.33,-0.01,-0.17,0.33
2019-03-28 00:00:00,11,0.27,-0.03,-0.1,0.1,-0.01,-0.17,0.33,-0.03,-0.23,0.33
2019-03-29 00:00:00,5,0.6,0.06,-0.06,0.1,0.04,-0.15,0.21,0.05,-0.11,0.21
2019-04-01 00:00:00,3,0.0,0.05,-0.04,0.1,0.06,-0.07,0.19,0.05,-0.03,0.19
2019-04-02 00:00:00,6,0.5,0.01,-0.08,0.1,0.07,-0.06,0.33,0.1,-0.06,0.33
2019-04-03 00:00:00,2,0.0,0.06,0.02,0.1,0.12,0.03,0.21,0.14,0.13,0.21
2019-04-04 00:00:00,9,0.33,0.04,-0.04,0.1,0.07,-0.06,0.33,0.11,-0.07,0.33
2019-04-08 00:00:00,14,0.71,0.05,-0.07,0.1,0.06,-0.11,0.33,0.11,-0.14,0.33
2019-04-09 00:00:00,13,0.15,0.04,-0.1,0.1,0.06,-0.17,0.33,0.08,-0.17,0.33
2019-04-10 00:00:00,9,0.33,0.01,-0.1,0.1,-0.02,-0.18,0.33,0.0,-0.21,0.33
2019-04-11 00:00:00,7,0.29,-0.03,-0.1,0.1,-0.04,-0.17,0.17,-0.08,-0.2,0.17
2019-04-12 00:00:00,9,0.22,0.0,-0.1,0.1,-0.04,-0.19,0.21,-0.08,-0.18,0.21
2019-04-15 00:00:00,11,0.18,0.03,-0.1,0.1,-0.02,-0.18,0.33,-0.02,-0.2,0.33
2019-04-16 00:00:00,3,0.67,-0.03,-0.1,0.1,-0.09,-0.17,0.04,-0.11,-0.16,0.04
2019-04-17 00:00:00,7,0.57,0.02,-0.06,0.1,0.06,-0.06,0.33,0.15,-0.0,0.33
2019-04-18 00:00:00,4,0.5,0.08,0.03,0.1,0.07,0.03,0.12,-0.0,-0.03,0.12
2019-04-19 00:00:00,4,0.0,0.1,0.1,0.1,0.08,-0.01,0.21,0.12,0.08,0.21
2019-04-22 00:00:00,10,0.4,0.04,-0.07,0.1,0.07,-0.11,0.33,0.08,-0.2,0.33
2019-04-23 00:00:00,9,0.22,0.0,-0.08,0.1,0.0,-0.09,0.16,-0.07,-0.16,0.16
2019-04-24 00:00:00,2,0.5,0.0,-0.1,0.1,-0.07,-0.14,0.1,-0.03,-0.16,0
2019-04-25 00:00:00,7,0.57,-0.07,-0.1,0.1,-0.08,-0.19,0.21,-0.15,-0.25,0.21
2019-04-26 00:00:00,5,0.8,0.01,-0.07,0.1,-0.03,-0.15,0.17,-0.06,-0.19,0.17
2019-04-29 00:00:00,5,0.2,-0.02,-0.1,0.1,-0.05,-0.19,0.21,-0.14,-0.25,0.21
2019-04-30 00:00:00,1,1.0,-0.1,-0.1,0,-0.19,-0.19,0,-0.22,-0.22,0
2019-05-06 00:00:00,3,0.33,-0.03,-0.1,0.1,-0.08,-0.19,0.14,-0.17,-0.27,0.14
2019-05-07 00:00:00,1,0.0,0.1,0.1,0.1,0.21,0.21,0.33,0.33,0.33,0.21
2019-05-08 00:00:00,2,0.0,0.1,0.1,0.1,0.15,0.12,0.17,0.04,0.02,0.17
2019-05-09 00:00:00,1,0.0,0.1,0.1,0.1,0.02,0.02,0.02,-0.06,-0.06,0.02
2019-05-10 00:00:00,1,0.0,0.1,0.1,0.1,0.21,0.21,0.21,0.21,0.21,0.21
2019-05-13 00:00:00,7,0.29,-0.01,-0.1,0.1,-0.02,-0.14,0.22,-0.02,-0.16,0.22
2019-05-14 00:00:00,3,0.0,0.05,-0.06,0.1,0.12,0.03,0.33,0.11,-0.02,0.21
2019-05-15 00:00:00,4,0.5,0.01,-0.1,0.1,-0.01,-0.1,0.07,-0.02,-0.11,0.07
2019-05-16 00:00:00,2,0.0,0.04,-0.03,0.1,0.03,-0.06,0.16,0.04,-0.07,0.16
2019-05-17 00:00:00,3,0.67,0.07,-0.0,0.1,0.07,0.02,0.12,0.07,0.02,0.09
2019-05-20 00:00:00,3,0.33,-0.05,-0.09,0,-0.09,-0.18,0.03,-0.12,-0.21,0.03
2019-05-21 00:00:00,3,0.67,-0.05,-0.1,0,-0.13,-0.16,0,-0.13,-0.14,0
2019-05-22 00:00:00,5,0.2,0.05,0.0,0.1,0.02,-0.23,0.33,0.05,-0.15,0.33
2019-05-23 00:00:00,4,0.0,0.08,0.02,0.1,0.1,-0.04,0.33,0.1,-0.14,0.33
2019-05-24 00:00:00,6,0.5,0.05,-0.03,0.1,-0.02,-0.09,0.05,-0.12,-0.18,0.05
2019-05-27 00:00:00,2,0.5,0.01,-0.07,0.1,0.06,-0.09,0.33,0.13,-0.07,0.21
2019-05-28 00:00:00,3,0.33,0.01,-0.06,0.1,0.06,-0.05,0.27,0.15,-0.01,0.2
2019-05-29 00:00:00,1,0.0,-0.1,-0.1,0,-0.13,-0.13,0,-0.11,-0.11,0
2019-05-30 00:00:00,4,0.0,0.07,0.01,0.1,0.15,0.03,0.33,0.12,-0.08,0.33
2019-05-31 00:00:00,4,0.0,0.02,-0.05,0.1,-0.03,-0.15,0.08,-0.1,-0.2,0.08
2019-06-03 00:00:00,9,0.22,-0.01,-0.1,0.1,-0.01,-0.19,0.21,-0.03,-0.26,0.21
2019-06-04 00:00:00,5,0.2,0.08,-0.02,0.1,0.09,0.03,0.21,0.01,-0.04,0.21
2019-06-05 00:00:00,5,0.2,0.03,-0.1,0.1,-0.0,-0.15,0.33,0.0,-0.35,0.33
2019-06-06 00:00:00,6,0.67,-0.04,-0.1,0.1,-0.01,-0.14,0.21,-0.07,-0.17,0.21
2019-06-10 00:00:00,2,1.0,-0.03,-0.04,0,-0.12,-0.13,0,-0.11,-0.14,0
2019-06-11 00:00:00,4,0.25,-0.03,-0.1,0.1,-0.02,-0.16,0.33,0.03,-0.13,0.33
2019-06-12 00:00:00,1,0.0,0.02,0.02,0.02,0.02,0.02,0.02,0.01,0.01,0.02
2019-06-13 00:00:00,4,0.0,0.07,-0.03,0.1,0.12,-0.03,0.33,0.09,-0.09,0.33
2019-06-14 00:00:00,4,0.0,0.03,-0.07,0.1,0.04,-0.14,0.23,-0.1,-0.39,0.23
2019-06-17 00:00:00,11,0.64,-0.03,-0.1,0.1,-0.07,-0.16,0.21,-0.07,-0.17,0.21
2019-06-18 00:00:00,5,0.4,-0.07,-0.1,0,-0.1,-0.13,0,-0.09,-0.14,0
2019-06-19 00:00:00,4,0.5,-0.03,-0.1,0.1,-0.01,-0.13,0.33,0.01,-0.14,0.33
2019-06-20 00:00:00,4,0.25,-0.02,-0.1,0.1,-0.01,-0.13,0.11,-0.02,-0.16,0.11
2019-06-21 00:00:00,1,0.0,0.1,0.1,0.1,0.07,0.07,0.07,-0.02,-0.02,0.07
2019-06-24 00:00:00,5,0.2,0.04,-0.08,0.1,0.08,-0.11,0.33,0.06,-0.12,0.33
2019-06-25 00:00:00,2,0.0,0.04,-0.02,0.1,0.07,-0.08,0.21,0.07,0.02,0.21
2019-06-26 00:00:00,11,0.18,0.03,-0.1,0.1,0.05,-0.19,0.33,-0.0,-0.26,0.33
2019-06-27 00:00:00,4,0.25,-0.02,-0.08,0.1,-0.09,-0.14,0.12,-0.07,-0.18,0.12
2019-06-28 00:00:00,8,0.25,0.0,-0.09,0.1,0.01,-0.12,0.21,-0.04,-0.16,0.21
2019-07-01 00:00:00,4,0.25,-0.04,-0.1,0.02,-0.09,-0.14,0.01,-0.07,-0.14,0.01
2019-07-02 00:00:00,3,0.0,-0.03,-0.1,0.1,0.03,-0.06,0.21,-0.03,-0.12,0.21
2019-07-03 00:00:00,2,1.0,-0.01,-0.01,0,-0.06,-0.08,0,-0.08,-0.1,0
2019-07-04 00:00:00,6,0.0,-0.02,-0.1,0.1,-0.06,-0.17,0.21,-0.06,-0.23,0.21
2019-07-05 00:00:00,0,0,0,0,0,0,0,0,0,0,0
2019-07-08 00:00:00,3,0.67,-0.09,-0.1,0,-0.11,-0.13,0,-0.17,-0.19,0
2019-07-09 00:00:00,4,0.0,0.06,-0.08,0.1,0.07,-0.09,0.28,0.05,-0.15,0.28
2019-07-10 00:00:00,1,0.0,-0.1,-0.1,0,-0.19,-0.19,0,-0.23,-0.23,0
2019-07-11 00:00:00,0,0,0,0,0,0,0,0,0,0,0
2019-07-12 00:00:00,2,0.0,-0.08,-0.1,0,-0.12,-0.15,0.01,-0.08,-0.18,0
2019-07-15 00:00:00,2,0.5,0.02,-0.06,0.1,-0.06,-0.11,0,-0.04,-0.09,0
2019-07-16 00:00:00,0,0,0,0,0,0,0,0,0,0,0
2019-07-17 00:00:00,3,0.33,0.0,-0.07,0.1,0.05,-0.03,0.27,0.04,-0.09,0.27
2019-07-18 00:00:00,1,0.0,0.1,0.1,0.1,0.0,-0.0,0,-0.07,-0.07,0
2019-07-19 00:00:00,4,0.25,-0.0,-0.07,0.1,0.01,-0.12,0.23,0.03,-0.11,0.23
2019-07-22 00:00:00,2,0.5,-0.06,-0.1,0,-0.11,-0.17,0,-0.14,-0.19,0
2019-07-23 00:00:00,3,0.67,-0.01,-0.09,0.1,0.01,-0.1,0.33,0.06,-0.08,0.33
2019-07-24 00:00:00,0,0,0,0,0,0,0,0,0,0,0
2019-07-25 00:00:00,1,0.0,0.1,0.1,0.1,0.21,0.21,0.21,0.13,0.13,0.21
2019-07-26 00:00:00,1,0.0,0.1,0.1,0.1,0.04,0.04,0.04,-0.06,-0.06,0.04
2019-07-29 00:00:00,1,0.0,0.1,0.1,0.1,0.11,0.11,0.14,0.14,0.14,0.11
2019-07-30 00:00:00,3,0.0,-0.02,-0.1,0.1,-0.06,-0.15,0.08,-0.07,-0.17,0.08
2019-07-31 00:00:00,1,0.0,-0.04,-0.04,0,-0.04,-0.04,0,-0.03,-0.03,0
2019-08-01 00:00:00,1,0.0,0.1,0.1,0.1,-0.01,-0.01,0.09,0.09,0.09,0
2019-08-02 00:00:00,0,0,0,0,0,0,0,0,0,0,0
2019-08-05 00:00:00,1,0.0,0.1,0.1,0.1,0.15,0.15,0.15,0.03,0.03,0.15
2019-08-06 00:00:00,2,0.0,-0.05,-0.1,0.01,-0.05,-0.09,0,-0.08,-0.14,0
2019-08-07 00:00:00,2,0.0,-0.02,-0.05,0.02,0.07,0.05,0.08,-0.04,-0.06,0.08
2019-08-08 00:00:00,1,0.0,0.01,0.01,0.01,-0.06,-0.06,0,-0.09,-0.09,0
2019-08-09 00:00:00,4,0.0,0.03,-0.08,0.1,-0.02,-0.16,0.14,-0.02,-0.22,0.14
2019-08-12 00:00:00,2,0.5,0.05,-0.01,0.1,0.07,-0.08,0.21,0.02,-0.05,0.21
2019-08-13 00:00:00,2,0.5,-0.07,-0.07,0,-0.07,-0.08,0,-0.1,-0.12,0
2019-08-14 00:00:00,1,1.0,-0.06,-0.06,0,-0.04,-0.04,0,-0.08,-0.08,0
2019-08-15 00:00:00,1,0.0,-0.1,-0.1,0,-0.08,-0.08,0,-0.1,-0.1,0
2019-08-16 00:00:00,2,0.0,0.03,-0.04,0.1,0.1,-0.02,0.33,0.13,-0.07,0.21
2019-08-19 00:00:00,1,1.0,-0.06,-0.06,0,-0.09,-0.09,0,-0.07,-0.07,0
2019-08-20 00:00:00,1,0.0,-0.03,-0.03,0,0.06,0.06,0.17,0.17,0.17,0.06
2019-08-21 00:00:00,2,0.5,0.1,0.1,0.1,0.16,0.12,0.26,0.15,0.05,0.26
2019-08-22 00:00:00,3,0.0,-0.01,-0.07,0.1,0.02,-0.11,0.33,0.04,-0.13,0.33
2019-08-23 00:00:00,4,0.5,0.02,-0.04,0.1,0.02,-0.07,0.16,-0.0,-0.11,0.06
2019-08-26 00:00:00,9,0.11,0.06,-0.05,0.1,0.07,-0.09,0.33,0.1,-0.12,0.33
2019-08-27 00:00:00,0,0,0,0,0,0,0,0,0,0,0
2019-08-28 00:00:00,3,0.33,0.0,-0.06,0.1,0.01,-0.04,0.08,-0.04,-0.07,0.08
2019-08-29 00:00:00,3,0.0,0.1,0.1,0.1,0.09,0.02,0.24,0.18,0.05,0.24
2019-08-30 00:00:00,5,0.0,-0.03,-0.1,0.07,-0.03,-0.16,0.2,-0.06,-0.22,0.2
2019-09-02 00:00:00,3,0.0,0.06,0.0,0.1,-0.04,-0.1,0.06,-0.04,-0.1,0.02
2019-09-03 00:00:00,8,0.13,0.02,-0.07,0.1,0.04,-0.13,0.33,0.06,-0.15,0.33
2019-09-04 00:00:00,4,0.5,-0.02,-0.09,0.1,-0.02,-0.14,0.19,-0.04,-0.18,0.19
2019-09-05 00:00:00,3,0.33,0.01,-0.04,0.1,0.02,-0.08,0.33,0.05,-0.09,0.21
2019-09-06 00:00:00,5,0.4,-0.03,-0.07,0.06,-0.02,-0.09,0.09,-0.02,-0.1,0.09
2019-09-09 00:00:00,8,0.25,0.04,-0.03,0.1,0.01,-0.07,0.2,0.05,-0.06,0.2
2019-09-10 00:00:00,1,0.0,-0.07,-0.07,0,-0.07,-0.07,0,-0.07,-0.07,0
2019-09-11 00:00:00,4,0.25,0.06,-0.03,0.1,0.07,-0.06,0.26,0.08,-0.05,0.26
2019-09-12 00:00:00,6,0.0,0.06,-0.0,0.1,0.02,-0.09,0.21,-0.01,-0.08,0.21
2019-09-16 00:00:00,4,0.5,-0.07,-0.09,0,-0.02,-0.08,0.12,-0.01,-0.09,0.12
2019-09-17 00:00:00,2,0.0,0.04,-0.03,0.1,0.06,0.01,0.1,-0.01,-0.01,0.1
2019-09-18 00:00:00,2,0.5,-0.01,-0.03,0.01,-0.04,-0.07,0,-0.08,-0.1,0
2019-09-19 00:00:00,2,0.5,-0.04,-0.09,0.01,-0.09,-0.14,0,-0.08,-0.13,0
2019-09-20 00:00:00,3,0.67,-0.01,-0.1,0.1,0.01,-0.14,0.33,0.05,-0.14,0.33
2019-09-23 00:00:00,3,0.33,0.02,-0.07,0.1,0.06,-0.12,0.33,0.09,-0.1,0.33
2019-09-24 00:00:00,3,0.33,0.0,-0.09,0.1,0.01,-0.14,0.24,-0.0,-0.15,0.21
2019-09-25 00:00:00,4,0.25,0.04,-0.05,0.1,0.07,-0.09,0.33,0.07,-0.16,0.21
2019-09-26 00:00:00,2,0.5,-0.07,-0.09,0,-0.15,-0.15,0,-0.2,-0.22,0
2019-09-27 00:00:00,4,0.25,-0.05,-0.1,0.05,-0.12,-0.17,0,-0.17,-0.21,0
2019-09-30 00:00:00,4,0.0,-0.07,-0.1,0,-0.1,-0.19,0,-0.16,-0.24,0
2019-10-08 00:00:00,1,0.0,-0.1,-0.1,0,-0.19,-0.19,0,-0.27,-0.27,0
2019-10-09 00:00:00,2,0.5,-0.1,-0.1,0,-0.17,-0.19,0,-0.2,-0.24,0
2019-10-10 00:00:00,1,0.0,0.08,0.08,0.08,0.03,0.03,0.08,0.08,0.08,0.03
2019-10-11 00:00:00,2,0.0,-0.06,-0.1,0,-0.12,-0.13,0,-0.16,-0.18,0
2019-10-14 00:00:00,1,0.0,0.1,0.1,0.1,0.15,0.15,0.15,0.15,0.15,0.15
2019-10-15 00:00:00,1,0.0,0.1,0.1,0.1,0.21,0.21,0.21,0.09,0.09,0.21
2019-10-16 00:00:00,4,0.5,0.04,-0.04,0.1,0.0,-0.12,0.33,0.03,-0.13,0.33
2019-10-17 00:00:00,3,0.0,0.02,-0.04,0.1,-0.04,-0.06,0.02,-0.08,-0.14,0.02
2019-10-18 00:00:00,6,0.5,-0.04,-0.1,0.1,-0.01,-0.14,0.16,0.02,-0.14,0.16
2019-10-21 00:00:00,3,0.33,0.0,-0.1,0.1,0.01,-0.16,0.14,-0.07,-0.18,0.14
2019-10-22 00:00:00,0,0,0,0,0,0,0,0,0,0,0
2019-10-23 00:00:00,1,0.0,-0.1,-0.1,0,-0.16,-0.16,0,-0.15,-0.15,0
2019-10-24 00:00:00,1,0.0,-0.03,-0.03,0,-0.06,-0.06,0,-0.1,-0.1,0
2019-10-25 00:00:00,3,0.0,0.08,0.05,0.1,0.05,-0.06,0.33,0.05,-0.12,0.21
2019-10-28 00:00:00,2,0.5,0.0,-0.1,0.1,-0.03,-0.17,0.11,-0.09,-0.18,0.11
2019-10-29 00:00:00,2,0.5,0.1,0.1,0.1,0.21,0.21,0.21,0.11,0.09,0.21
2019-10-30 00:00:00,2,0.5,0.06,0.02,0.1,0.07,-0.08,0.25,0.07,-0.12,0.25
2019-10-31 00:00:00,1,0.0,0.1,0.1,0.1,0.21,0.21,0.33,0.33,0.33,0.21
2019-11-01 00:00:00,6,0.5,-0.03,-0.1,0.1,-0.05,-0.19,0.21,-0.05,-0.25,0.21
2019-11-04 00:00:00,10,0.3,-0.05,-0.1,0.1,-0.05,-0.15,0.27,-0.04,-0.19,0.27
2019-11-05 00:00:00,0,0,0,0,0,0,0,0,0,0,0
2019-11-06 00:00:00,1,0.0,-0.04,-0.04,0,-0.14,-0.14,0,-0.2,-0.2,0
2019-11-07 00:00:00,2,0.5,-0.03,-0.08,0.03,-0.09,-0.14,0,-0.09,-0.13,0
2019-11-08 00:00:00,3,0.33,-0.01,-0.07,0.1,0.05,-0.04,0.23,0.03,-0.08,0.21
2019-11-11 00:00:00,1,1.0,0.01,0.01,0.01,-0.02,-0.02,0,-0.04,-0.04,0
2019-11-12 00:00:00,1,0.0,-0.1,-0.1,0,-0.14,-0.14,0,-0.07,-0.07,0
2019-11-13 00:00:00,1,1.0,-0.1,-0.1,0,-0.19,-0.19,0,-0.26,-0.26,0
2019-11-14 00:00:00,3,0.67,0.04,-0.06,0.1,-0.04,-0.15,0.04,-0.07,-0.15,0.04
2019-11-15 00:00:00,1,0.0,0.1,0.1,0.1,0.14,0.14,0.14,0.02,0.02,0.14
2019-11-18 00:00:00,1,0.0,0.1,0.1,0.1,0.21,0.21,0.21,0.09,0.09,0.21
2019-11-19 00:00:00,2,0.0,-0.09,-0.1,0,-0.08,-0.1,0.05,-0.0,-0.06,0.05
2019-11-20 00:00:00,0,0,0,0,0,0,0,0,0,0,0
2019-11-21 00:00:00,2,0.0,0.06,0.01,0.1,0.13,0.04,0.21,0.12,0.03,0.21
2019-11-22 00:00:00,3,0.0,0.04,-0.02,0.1,0.08,-0.0,0.33,0.07,-0.09,0.33
2019-11-25 00:00:00,1,1.0,-0.03,-0.03,0,0.0,-0.0,0,0.0,0.0,0
2019-11-26 00:00:00,3,0.33,0.03,-0.01,0.1,0.07,-0.09,0.21,0.0,-0.12,0.21
2019-11-27 00:00:00,2,0.5,0.0,-0.1,0.1,-0.07,-0.18,0.05,-0.14,-0.23,0.05
2019-11-28 00:00:00,3,0.0,0.04,-0.08,0.1,0.02,-0.06,0.14,-0.05,-0.11,0.14
2019-11-29 00:00:00,1,1.0,0.02,0.02,0.02,-0.05,-0.05,0,-0.04,-0.04,0
2019-12-02 00:00:00,3,0.67,-0.1,-0.1,0,-0.15,-0.16,0,-0.12,-0.19,0
2019-12-03 00:00:00,0,0,0,0,0,0,0,0,0,0,0
2019-12-04 00:00:00,2,0.5,0.04,-0.02,0.1,-0.03,-0.06,0.05,-0.01,-0.07,0.05
2019-12-05 00:00:00,1,0.0,-0.06,-0.06,0,0.04,0.04,0.04,0.01,0.01,0.04
2019-12-06 00:00:00,2,0.0,0.05,0.0,0.1,0.15,0.1,0.33,0.18,0.02,0.33
2019-12-09 00:00:00,0,0,0,0,0,0,0,0,0,0,0
2019-12-10 00:00:00,2,0.0,-0.08,-0.09,0,-0.07,-0.08,0.01,0.01,0.0,0
2019-12-11 00:00:00,1,0.0,0.1,0.1,0.1,0.21,0.21,0.22,0.22,0.22,0.21
2019-12-12 00:00:00,4,0.25,0.03,-0.03,0.1,-0.01,-0.04,0.02,-0.03,-0.08,0.02
2019-12-13 00:00:00,1,0.0,0.0,-0.0,0,-0.06,-0.06,0,-0.09,-0.09,0
2019-12-16 00:00:00,3,0.33,-0.02,-0.1,0.1,0.01,-0.16,0.33,0.08,-0.15,0.33
2019-12-17 00:00:00,2,0.5,-0.02,-0.06,0.01,0.05,-0.01,0.11,0.1,0.09,0.11
2019-12-18 00:00:00,2,1.0,0.04,0.01,0.08,0.03,0.0,0.11,0.07,0.03,0.06
2019-12-19 00:00:00,2,0.0,0.08,0.05,0.1,0.11,0.02,0.21,0.02,-0.05,0.21
2019-12-20 00:00:00,5,0.2,0.09,0.03,0.1,0.1,-0.06,0.33,0.11,-0.11,0.25
2019-12-23 00:00:00,9,0.22,-0.01,-0.07,0.1,0.01,-0.09,0.27,-0.04,-0.14,0.27
2019-12-24 00:00:00,2,0.5,-0.0,-0.03,0.02,-0.04,-0.1,0.03,-0.06,-0.08,0.03
2019-12-25 00:00:00,3,0.0,0.0,-0.1,0.1,0.03,-0.01,0.07,0.01,-0.0,0.07
2019-12-26 00:00:00,3,0.33,-0.04,-0.1,0.04,-0.03,-0.16,0.07,-0.03,-0.18,0.05
2019-12-27 00:00:00,2,0.5,0.1,0.1,0.1,0.21,0.21,0.33,0.33,0.33,0.33
2019-12-30 00:00:00,4,0.25,0.07,0.02,0.1,0.13,-0.08,0.33,0.12,-0.09,0.33
2019-12-31 00:00:00,4,0.0,0.06,-0.0,0.1,0.02,-0.08,0.21,0.01,-0.08,0.21
